match_time_s,match_time_min,player_id,player_name,risk_score,lr_score,lstm_score,transformer_score,alert_level,confidence_low,confidence_high,alert_fired,latency_ms
60.0,1.0,5203.0,Sergio Busquets i Burgos,0.2887,0.2887,0.2887,0.2887,GREEN,0.2309,0.3464,False,1.53
60.0,1.0,5211.0,Jordi Alba Ramos,0.2456,0.2456,0.2456,0.2456,GREEN,0.1965,0.2947,False,1.46
60.0,1.0,5213.0,Gerard Piqué Bernabéu,0.2812,0.2812,0.2812,0.2812,GREEN,0.225,0.3375,False,1.4
60.0,1.0,5477.0,Ousmane Dembélé,0.238,0.238,0.238,0.238,GREEN,0.1904,0.2856,False,1.45
60.0,1.0,5487.0,Antoine Griezmann,0.1711,0.1711,0.1711,0.1711,GREEN,0.1369,0.2053,False,1.29
60.0,1.0,5503.0,Lionel Andrés Messi Cuccittini,0.2973,0.2973,0.2973,0.2973,GREEN,0.2378,0.3567,False,1.23
60.0,1.0,6379.0,Sergi Roberto Carnicer,0.3071,0.3071,0.3071,0.3071,GREEN,0.2457,0.3686,False,1.33
60.0,1.0,6612.0,Rubén Duarte Sánchez,0.1296,0.1296,0.1296,0.1296,GREEN,0.1037,0.1556,False,1.11
60.0,1.0,6826.0,Clément Lenglet,0.307,0.307,0.307,0.307,GREEN,0.2456,0.3683,False,1.31
60.0,1.0,8118.0,Frenkie de Jong,0.1942,0.1942,0.1942,0.1942,GREEN,0.1553,0.233,False,1.11
60.0,1.0,9462.0,José Ignacio Peleteiro Ramallo,0.364,0.364,0.364,0.364,GREEN,0.2912,0.4368,False,1.07
60.0,1.0,24049.0,Luis Jesús Rioja González,0.2589,0.2589,0.2589,0.2589,GREEN,0.2071,0.3107,False,1.12
60.0,1.0,25134.0,Deyverson Brum Silva Acosta,0.4435,0.4435,0.4435,0.4435,AMBER,0.3548,0.5322,False,1.17
60.0,1.0,26387.0,Edgar Antonio Méndez Ortega,0.3481,0.3481,0.3481,0.3481,GREEN,0.2785,0.4177,False,1.21
90.0,1.5,5203.0,Sergio Busquets i Burgos,0.2755,0.2624,0.2624,0.2624,GREEN,0.21,0.3149,False,2.02
90.0,1.5,5211.0,Jordi Alba Ramos,0.259,0.2723,0.2723,0.2723,GREEN,0.2178,0.3268,False,1.88
90.0,1.5,5213.0,Gerard Piqué Bernabéu,0.2767,0.2722,0.2722,0.2722,GREEN,0.2178,0.3266,False,1.82
90.0,1.5,5477.0,Ousmane Dembélé,0.207,0.1759,0.1759,0.1759,GREEN,0.1408,0.2111,False,1.28
90.0,1.5,5487.0,Antoine Griezmann,0.175,0.179,0.179,0.179,GREEN,0.1432,0.2148,False,1.08
90.0,1.5,5503.0,Lionel Andrés Messi Cuccittini,0.2895,0.2818,0.2818,0.2818,GREEN,0.2254,0.3381,False,1.07
90.0,1.5,6379.0,Sergi Roberto Carnicer,0.3014,0.2956,0.2956,0.2956,GREEN,0.2365,0.3548,False,1.09
90.0,1.5,6612.0,Rubén Duarte Sánchez,0.1296,0.1296,0.1296,0.1296,GREEN,0.1037,0.1556,False,1.1
90.0,1.5,6826.0,Clément Lenglet,0.2984,0.2898,0.2898,0.2898,GREEN,0.2319,0.3478,False,1.08
90.0,1.5,8118.0,Frenkie de Jong,0.1879,0.1817,0.1817,0.1817,GREEN,0.1454,0.2181,False,1.09
90.0,1.5,9462.0,José Ignacio Peleteiro Ramallo,0.364,0.364,0.364,0.364,GREEN,0.2912,0.4368,False,1.1
90.0,1.5,10605.0,Rodrigo Andrés Battaglia,0.2559,0.2559,0.2559,0.2559,GREEN,0.2047,0.3071,False,1.11
90.0,1.5,25134.0,Deyverson Brum Silva Acosta,0.4577,0.4719,0.4719,0.4719,AMBER,0.3775,0.5662,True,1.09
90.0,1.5,26387.0,Edgar Antonio Méndez Ortega,0.3555,0.363,0.363,0.363,GREEN,0.2904,0.4356,False,1.31
90.0,1.5,30756.0,Anssumane Fati,0.199,0.199,0.199,0.199,GREEN,0.1592,0.2388,False,1.11
120.0,2.0,3093.0,Florian Grégoire Claude Lejeune,0.287,0.287,0.287,0.287,GREEN,0.2296,0.3444,False,2.8
120.0,2.0,5203.0,Sergio Busquets i Burgos,0.3013,0.3529,0.3529,0.3529,GREEN,0.2823,0.4234,False,2.63
120.0,2.0,5211.0,Jordi Alba Ramos,0.2503,0.2329,0.2329,0.2329,GREEN,0.1863,0.2795,False,1.56
120.0,2.0,5213.0,Gerard Piqué Bernabéu,0.2762,0.2752,0.2752,0.2752,GREEN,0.2202,0.3302,False,1.27
120.0,2.0,5477.0,Ousmane Dembélé,0.201,0.1892,0.1892,0.1892,GREEN,0.1513,0.227,False,1.08
120.0,2.0,5487.0,Antoine Griezmann,0.174,0.172,0.172,0.172,GREEN,0.1376,0.2065,False,1.08
120.0,2.0,5503.0,Lionel Andrés Messi Cuccittini,0.2857,0.2781,0.2781,0.2781,GREEN,0.2224,0.3337,False,1.08
120.0,2.0,6615.0,Víctor Laguardia Cisneros,0.248,0.248,0.248,0.248,GREEN,0.1984,0.2976,False,1.1
120.0,2.0,6622.0,Tomás Pina Isla,0.7254,0.7254,0.7254,0.7254,RED,0.5803,0.8705,False,1.41
120.0,2.0,6826.0,Clément Lenglet,0.2944,0.2864,0.2864,0.2864,GREEN,0.2291,0.3436,False,1.07
120.0,2.0,8118.0,Frenkie de Jong,0.194,0.206,0.206,0.206,GREEN,0.1648,0.2472,False,1.08
120.0,2.0,10605.0,Rodrigo Andrés Battaglia,0.2559,0.2559,0.2559,0.2559,GREEN,0.2047,0.3071,False,1.07
120.0,2.0,25134.0,Deyverson Brum Silva Acosta,0.4033,0.2944,0.2944,0.2944,AMBER,0.2356,0.3533,False,1.06
120.0,2.0,26387.0,Edgar Antonio Méndez Ortega,0.4537,0.6499,0.6499,0.6499,AMBER,0.5199,0.7799,False,1.08
120.0,2.0,30756.0,Anssumane Fati,0.199,0.199,0.199,0.199,GREEN,0.1592,0.2388,False,1.07
150.0,2.5,3093.0,Florian Grégoire Claude Lejeune,0.287,0.287,0.287,0.287,GREEN,0.2296,0.3444,False,1.74
150.0,2.5,5203.0,Sergio Busquets i Burgos,0.3059,0.3196,0.3196,0.3196,GREEN,0.2557,0.3836,False,1.17
150.0,2.5,5211.0,Jordi Alba Ramos,0.249,0.2451,0.2451,0.2451,GREEN,0.1961,0.2941,False,1.1
150.0,2.5,5213.0,Gerard Piqué Bernabéu,0.2699,0.2509,0.2509,0.2509,GREEN,0.2007,0.3011,False,1.08
150.0,2.5,5477.0,Ousmane Dembélé,0.2184,0.2705,0.2705,0.2705,GREEN,0.2164,0.3246,False,1.09
150.0,2.5,5487.0,Antoine Griezmann,0.1855,0.2197,0.2197,0.2197,GREEN,0.1758,0.2637,False,1.09
150.0,2.5,5503.0,Lionel Andrés Messi Cuccittini,0.3005,0.3447,0.3447,0.3447,GREEN,0.2758,0.4137,False,1.12
150.0,2.5,6379.0,Sergi Roberto Carnicer,0.3062,0.3159,0.3159,0.3159,GREEN,0.2528,0.3791,False,1.09
150.0,2.5,6612.0,Rubén Duarte Sánchez,0.1635,0.2312,0.2312,0.2312,GREEN,0.185,0.2774,False,1.08
150.0,2.5,6615.0,Víctor Laguardia Cisneros,0.248,0.248,0.248,0.248,GREEN,0.1984,0.2976,False,1.11
150.0,2.5,6622.0,Tomás Pina Isla,0.5495,0.3736,0.3736,0.3736,AMBER,0.2989,0.4483,False,1.09
150.0,2.5,6826.0,Clément Lenglet,0.3107,0.3597,0.3597,0.3597,GREEN,0.2878,0.4316,False,1.1
150.0,2.5,8118.0,Frenkie de Jong,0.2351,0.3586,0.3586,0.3586,GREEN,0.2868,0.4303,False,1.1
150.0,2.5,24049.0,Luis Jesús Rioja González,0.2695,0.2801,0.2801,0.2801,GREEN,0.2241,0.3361,False,1.09
150.0,2.5,25134.0,Deyverson Brum Silva Acosta,0.3718,0.2775,0.2775,0.2775,GREEN,0.222,0.333,False,1.11
150.0,2.5,26387.0,Edgar Antonio Méndez Ortega,0.498,0.6311,0.6311,0.6311,AMBER,0.5049,0.7573,True,1.1
180.0,3.0,3093.0,Florian Grégoire Claude Lejeune,0.2546,0.1898,0.1898,0.1898,GREEN,0.1518,0.2277,False,1.28
180.0,3.0,5203.0,Sergio Busquets i Burgos,0.3272,0.4124,0.4124,0.4124,GREEN,0.3299,0.4949,False,1.22
180.0,3.0,5211.0,Jordi Alba Ramos,0.2459,0.2337,0.2337,0.2337,GREEN,0.187,0.2805,False,1.11
180.0,3.0,5213.0,Gerard Piqué Bernabéu,0.2763,0.3018,0.3018,0.3018,GREEN,0.2414,0.3621,False,1.06
180.0,3.0,5477.0,Ousmane Dembélé,0.2373,0.3127,0.3127,0.3127,GREEN,0.2502,0.3753,False,1.09
180.0,3.0,6379.0,Sergi Roberto Carnicer,0.3162,0.3459,0.3459,0.3459,GREEN,0.2767,0.4151,False,1.15
180.0,3.0,6612.0,Rubén Duarte Sánchez,0.1652,0.1702,0.1702,0.1702,GREEN,0.1361,0.2042,False,1.09
180.0,3.0,6622.0,Tomás Pina Isla,0.4087,0.1273,0.1273,0.1273,AMBER,0.1018,0.1527,True,1.07
180.0,3.0,8118.0,Frenkie de Jong,0.2432,0.2756,0.2756,0.2756,GREEN,0.2205,0.3308,False,1.13
180.0,3.0,24049.0,Luis Jesús Rioja González,0.2877,0.3242,0.3242,0.3242,GREEN,0.2593,0.389,False,1.11
180.0,3.0,25134.0,Deyverson Brum Silva Acosta,0.3655,0.3402,0.3402,0.3402,GREEN,0.2722,0.4083,False,1.12
180.0,3.0,26387.0,Edgar Antonio Méndez Ortega,0.5415,0.7153,0.7153,0.7153,AMBER,0.5723,0.8584,False,1.35
210.0,3.5,3093.0,Florian Grégoire Claude Lejeune,0.2384,0.1899,0.1899,0.1899,GREEN,0.1519,0.2279,False,1.83
210.0,3.5,5203.0,Sergio Busquets i Burgos,0.3364,0.3823,0.3823,0.3823,GREEN,0.3058,0.4588,False,1.1
210.0,3.5,5211.0,Jordi Alba Ramos,0.2695,0.3873,0.3873,0.3873,GREEN,0.3098,0.4647,False,1.08
210.0,3.5,5213.0,Gerard Piqué Bernabéu,0.3042,0.4438,0.4438,0.4438,GREEN,0.355,0.5326,False,1.07
210.0,3.5,6379.0,Sergi Roberto Carnicer,0.321,0.3406,0.3406,0.3406,GREEN,0.2725,0.4087,False,1.07
210.0,3.5,6612.0,Rubén Duarte Sánchez,0.1642,0.1602,0.1602,0.1602,GREEN,0.1282,0.1923,False,1.09
210.0,3.5,6622.0,Tomás Pina Isla,0.3563,0.199,0.199,0.199,GREEN,0.1592,0.2387,False,1.47
210.0,3.5,6826.0,Clément Lenglet,0.3205,0.3598,0.3598,0.3598,GREEN,0.2879,0.4318,False,1.11
210.0,3.5,6923.0,Joaquín Navarro Jiménez,0.2276,0.2276,0.2276,0.2276,GREEN,0.1821,0.2732,False,1.08
210.0,3.5,8118.0,Frenkie de Jong,0.2535,0.3047,0.3047,0.3047,GREEN,0.2438,0.3656,False,1.36
210.0,3.5,10605.0,Rodrigo Andrés Battaglia,0.2496,0.2371,0.2371,0.2371,GREEN,0.1897,0.2845,False,1.29
210.0,3.5,24049.0,Luis Jesús Rioja González,0.2923,0.306,0.306,0.306,GREEN,0.2448,0.3672,False,1.11
210.0,3.5,25134.0,Deyverson Brum Silva Acosta,0.3525,0.2872,0.2872,0.2872,GREEN,0.2297,0.3446,False,1.28
210.0,3.5,26387.0,Edgar Antonio Méndez Ortega,0.5567,0.6327,0.6327,0.6327,AMBER,0.5061,0.7592,True,1.38
240.0,4.0,5211.0,Jordi Alba Ramos,0.2917,0.4247,0.4247,0.4247,GREEN,0.3397,0.5096,False,1.71
240.0,4.0,5487.0,Antoine Griezmann,0.2058,0.2873,0.2873,0.2873,GREEN,0.2299,0.3448,False,1.2
240.0,4.0,5503.0,Lionel Andrés Messi Cuccittini,0.3712,0.654,0.654,0.654,GREEN,0.5232,0.7848,False,1.83
240.0,4.0,6615.0,Víctor Laguardia Cisneros,0.2519,0.2597,0.2597,0.2597,GREEN,0.2077,0.3116,False,1.12
240.0,4.0,6826.0,Clément Lenglet,0.3132,0.2765,0.2765,0.2765,GREEN,0.2212,0.3318,False,1.46
240.0,4.0,6923.0,Joaquín Navarro Jiménez,0.2218,0.2159,0.2159,0.2159,GREEN,0.1727,0.2591,False,1.12
240.0,4.0,8118.0,Frenkie de Jong,0.2576,0.2822,0.2822,0.2822,GREEN,0.2257,0.3386,False,1.12
240.0,4.0,9462.0,José Ignacio Peleteiro Ramallo,0.4191,0.5294,0.5294,0.5294,AMBER,0.4235,0.6353,False,1.16
240.0,4.0,10605.0,Rodrigo Andrés Battaglia,0.2312,0.176,0.176,0.176,GREEN,0.1408,0.2112,False,1.28
240.0,4.0,24049.0,Luis Jesús Rioja González,0.2752,0.2067,0.2067,0.2067,GREEN,0.1653,0.248,False,1.09
240.0,4.0,25134.0,Deyverson Brum Silva Acosta,0.3361,0.2381,0.2381,0.2381,GREEN,0.1904,0.2857,False,1.15
240.0,4.0,26387.0,Edgar Antonio Méndez Ortega,0.5491,0.5039,0.5039,0.5039,AMBER,0.4031,0.6047,False,1.1
270.0,4.5,5211.0,Jordi Alba Ramos,0.3658,0.8851,0.8851,0.8851,GREEN,0.7081,1.0,False,1.35
270.0,4.5,5487.0,Antoine Griezmann,0.2194,0.2871,0.2871,0.2871,GREEN,0.2297,0.3446,False,1.2
270.0,4.5,5503.0,Lionel Andrés Messi Cuccittini,0.4235,0.6851,0.6851,0.6851,AMBER,0.5481,0.8221,False,1.09
270.0,4.5,6612.0,Rubén Duarte Sánchez,0.1653,0.171,0.171,0.171,GREEN,0.1368,0.2052,False,1.12
270.0,4.5,6615.0,Víctor Laguardia Cisneros,0.2593,0.2815,0.2815,0.2815,GREEN,0.2252,0.3378,False,1.24
270.0,4.5,6622.0,Tomás Pina Isla,0.3428,0.2887,0.2887,0.2887,GREEN,0.231,0.3465,False,1.13
270.0,4.5,6826.0,Clément Lenglet,0.295,0.186,0.186,0.186,GREEN,0.1488,0.2232,False,1.33
270.0,4.5,6923.0,Joaquín Navarro Jiménez,0.217,0.2074,0.2074,0.2074,GREEN,0.1659,0.2488,False,1.2
270.0,4.5,9462.0,José Ignacio Peleteiro Ramallo,0.4562,0.5673,0.5673,0.5673,AMBER,0.4538,0.6808,True,1.16
270.0,4.5,10605.0,Rodrigo Andrés Battaglia,0.2189,0.1696,0.1696,0.1696,GREEN,0.1357,0.2035,False,1.17
270.0,4.5,24049.0,Luis Jesús Rioja González,0.2616,0.194,0.194,0.194,GREEN,0.1552,0.2328,False,1.31
270.0,4.5,26387.0,Edgar Antonio Méndez Ortega,0.5138,0.2661,0.2661,0.2661,AMBER,0.2129,0.3193,True,1.12
300.0,5.0,3093.0,Florian Grégoire Claude Lejeune,0.2526,0.3094,0.3094,0.3094,GREEN,0.2475,0.3713,False,1.38
300.0,5.0,5211.0,Jordi Alba Ramos,0.3843,0.5322,0.5322,0.5322,GREEN,0.4258,0.6387,False,1.18
300.0,5.0,5213.0,Gerard Piqué Bernabéu,0.3143,0.3751,0.3751,0.3751,GREEN,0.3001,0.4501,False,1.12
300.0,5.0,6612.0,Rubén Duarte Sánchez,0.1717,0.2103,0.2103,0.2103,GREEN,0.1682,0.2524,False,1.11
300.0,5.0,6615.0,Víctor Laguardia Cisneros,0.2425,0.1755,0.1755,0.1755,GREEN,0.1404,0.2106,False,1.1
300.0,5.0,6622.0,Tomás Pina Isla,0.3336,0.2877,0.2877,0.2877,GREEN,0.2302,0.3453,False,1.08
300.0,5.0,6826.0,Clément Lenglet,0.284,0.2071,0.2071,0.2071,GREEN,0.1656,0.2485,False,1.08
300.0,5.0,6923.0,Joaquín Navarro Jiménez,0.2346,0.2877,0.2877,0.2877,GREEN,0.2301,0.3452,False,1.09
300.0,5.0,9462.0,José Ignacio Peleteiro Ramallo,0.4129,0.24,0.24,0.24,AMBER,0.192,0.288,False,1.18
300.0,5.0,10605.0,Rodrigo Andrés Battaglia,0.2348,0.3144,0.3144,0.3144,GREEN,0.2515,0.3772,False,1.12
300.0,5.0,24049.0,Luis Jesús Rioja González,0.2683,0.3081,0.3081,0.3081,GREEN,0.2465,0.3697,False,1.13
300.0,5.0,26387.0,Edgar Antonio Méndez Ortega,0.4733,0.1492,0.1492,0.1492,AMBER,0.1194,0.1791,False,1.11
330.0,5.5,3093.0,Florian Grégoire Claude Lejeune,0.2621,0.3096,0.3096,0.3096,GREEN,0.2476,0.3715,False,1.33
330.0,5.5,5211.0,Jordi Alba Ramos,0.3639,0.0776,0.3692,0.0776,GREEN,0.0621,0.0932,False,6.74
330.0,5.5,5213.0,Gerard Piqué Bernabéu,0.3115,0.292,0.292,0.292,GREEN,0.2336,0.3504,False,1.3
330.0,5.5,5477.0,Ousmane Dembélé,0.2535,0.3344,0.3344,0.3344,GREEN,0.2675,0.4012,False,1.12
330.0,5.5,6379.0,Sergi Roberto Carnicer,0.3043,0.2205,0.2205,0.2205,GREEN,0.1764,0.2646,False,1.5
330.0,5.5,6615.0,Víctor Laguardia Cisneros,0.2332,0.1863,0.1863,0.1863,GREEN,0.149,0.2235,False,1.1
330.0,5.5,6622.0,Tomás Pina Isla,0.3277,0.2923,0.2923,0.2923,GREEN,0.2338,0.3508,False,1.1
330.0,5.5,6826.0,Clément Lenglet,0.27,0.1578,0.1578,0.1578,GREEN,0.1262,0.1893,False,1.11
330.0,5.5,8118.0,Frenkie de Jong,0.2438,0.1478,0.1478,0.1478,GREEN,0.1182,0.1773,False,1.1
330.0,5.5,10605.0,Rodrigo Andrés Battaglia,0.24,0.2712,0.2712,0.2712,GREEN,0.217,0.3255,False,1.1
330.0,5.5,24049.0,Luis Jesús Rioja González,0.2715,0.2939,0.2939,0.2939,GREEN,0.2351,0.3527,False,1.08
330.0,5.5,26387.0,Edgar Antonio Méndez Ortega,0.4527,0.1852,0.4221,0.1852,AMBER,0.1482,0.2223,True,4.74
360.0,6.0,5203.0,Sergio Busquets i Burgos,0.3527,0.4509,0.4509,0.4509,GREEN,0.3607,0.5411,False,1.29
360.0,6.0,5213.0,Gerard Piqué Bernabéu,0.3129,0.3241,0.3241,0.3241,GREEN,0.2593,0.3889,False,1.15
360.0,6.0,5477.0,Ousmane Dembélé,0.2899,0.5082,0.5082,0.5082,GREEN,0.4066,0.6099,False,1.08
360.0,6.0,5487.0,Antoine Griezmann,0.2225,0.2412,0.2412,0.2412,GREEN,0.193,0.2895,False,1.14
360.0,6.0,6379.0,Sergi Roberto Carnicer,0.2938,0.2306,0.2306,0.2306,GREEN,0.1845,0.2768,False,1.51
360.0,6.0,6612.0,Rubén Duarte Sánchez,0.1736,0.1865,0.1865,0.1865,GREEN,0.1492,0.2239,False,1.11
360.0,6.0,6622.0,Tomás Pina Isla,0.3181,0.251,0.251,0.251,GREEN,0.2008,0.3012,False,1.44
360.0,6.0,6826.0,Clément Lenglet,0.2702,0.2032,0.3987,0.2032,GREEN,0.1626,0.2439,False,4.51
360.0,6.0,8118.0,Frenkie de Jong,0.2411,0.2191,0.2191,0.2191,GREEN,0.1753,0.2629,False,1.14
360.0,6.0,9462.0,José Ignacio Peleteiro Ramallo,0.3772,0.1987,0.1987,0.1987,GREEN,0.159,0.2384,False,1.56
360.0,6.0,10605.0,Rodrigo Andrés Battaglia,0.2396,0.2371,0.2371,0.2371,GREEN,0.1897,0.2845,False,1.08
360.0,6.0,24049.0,Luis Jesús Rioja González,0.266,0.2226,0.2226,0.2226,GREEN,0.1781,0.2671,False,1.08
360.0,6.0,25134.0,Deyverson Brum Silva Acosta,0.3546,0.4843,0.4843,0.4843,GREEN,0.3875,0.5812,False,1.08
390.0,6.5,5203.0,Sergio Busquets i Burgos,0.3614,0.4221,0.4221,0.4221,GREEN,0.3376,0.5065,False,1.92
390.0,6.5,5211.0,Jordi Alba Ramos,0.363,0.2024,0.3004,0.2024,GREEN,0.1619,0.2429,False,4.96
390.0,6.5,5213.0,Gerard Piqué Bernabéu,0.3238,0.354,0.5482,0.354,GREEN,0.2832,0.4249,False,3.89
390.0,6.5,5477.0,Ousmane Dembélé,0.3374,0.6699,0.6699,0.6699,GREEN,0.5359,0.8039,False,1.12
390.0,6.5,5487.0,Antoine Griezmann,0.223,0.2267,0.2267,0.2267,GREEN,0.1814,0.2721,False,1.13
390.0,6.5,5503.0,Lionel Andrés Messi Cuccittini,0.4092,0.3237,0.3237,0.3237,AMBER,0.2589,0.3884,True,1.13
390.0,6.5,6379.0,Sergi Roberto Carnicer,0.2918,0.2779,0.2779,0.2779,GREEN,0.2223,0.3335,False,1.2
390.0,6.5,6590.0,Norberto Murara Neto,0.2586,0.2586,0.2586,0.2586,GREEN,0.2069,0.3104,False,1.36
390.0,6.5,6612.0,Rubén Duarte Sánchez,0.1792,0.2239,0.2239,0.2239,GREEN,0.1791,0.2686,False,1.11
390.0,6.5,6629.0,Fernando Pacheco Flores,0.2022,0.2022,0.2022,0.2022,GREEN,0.1617,0.2426,False,1.11
390.0,6.5,6923.0,Joaquín Navarro Jiménez,0.2853,0.4881,0.4881,0.4881,GREEN,0.3904,0.5857,False,1.09
390.0,6.5,8118.0,Frenkie de Jong,0.2763,0.4815,0.8009,0.4815,GREEN,0.3852,0.5777,False,5.31
390.0,6.5,9462.0,José Ignacio Peleteiro Ramallo,0.3508,0.1925,0.1925,0.1925,GREEN,0.154,0.231,False,1.22
390.0,6.5,10605.0,Rodrigo Andrés Battaglia,0.234,0.1887,0.1887,0.1887,GREEN,0.151,0.2265,False,1.11
390.0,6.5,24049.0,Luis Jesús Rioja González,0.2807,0.2889,0.6409,0.2889,GREEN,0.2312,0.3467,False,4.53
390.0,6.5,25134.0,Deyverson Brum Silva Acosta,0.369,0.4843,0.4843,0.4843,GREEN,0.3875,0.5812,False,1.2
390.0,6.5,26387.0,Edgar Antonio Méndez Ortega,0.4412,0.1965,0.2993,0.1965,AMBER,0.1572,0.2358,True,4.17
390.0,6.5,30756.0,Anssumane Fati,0.2769,0.4327,0.4327,0.4327,GREEN,0.3461,0.5192,False,1.28
420.0,7.0,5203.0,Sergio Busquets i Burgos,0.3641,0.3861,0.3861,0.3861,GREEN,0.3089,0.4633,False,1.4
420.0,7.0,5211.0,Jordi Alba Ramos,0.3635,0.2222,0.3808,0.2222,GREEN,0.1777,0.2666,False,4.41
420.0,7.0,5487.0,Antoine Griezmann,0.2263,0.2524,0.2524,0.2524,GREEN,0.2019,0.3029,False,1.3
420.0,7.0,5503.0,Lionel Andrés Messi Cuccittini,0.3925,0.2756,0.2756,0.2756,GREEN,0.2204,0.3307,False,1.14
420.0,7.0,6590.0,Norberto Murara Neto,0.2674,0.2761,0.2761,0.2761,GREEN,0.2209,0.3313,False,1.16
420.0,7.0,6615.0,Víctor Laguardia Cisneros,0.2373,0.2623,0.2623,0.2623,GREEN,0.2098,0.3147,False,1.1
420.0,7.0,6622.0,Tomás Pina Isla,0.3065,0.2139,0.2139,0.2139,GREEN,0.1711,0.2567,False,1.07
420.0,7.0,6629.0,Fernando Pacheco Flores,0.2049,0.2076,0.2076,0.2076,GREEN,0.1661,0.2491,False,1.07
420.0,7.0,6923.0,Joaquín Navarro Jiménez,0.2721,0.2058,0.2058,0.2058,GREEN,0.1647,0.247,False,1.08
420.0,7.0,8118.0,Frenkie de Jong,0.3299,0.5965,0.9788,0.5965,GREEN,0.4772,0.7158,False,3.88
420.0,7.0,10605.0,Rodrigo Andrés Battaglia,0.2421,0.2412,0.4523,0.2412,GREEN,0.193,0.2895,False,4.03
420.0,7.0,26387.0,Edgar Antonio Méndez Ortega,0.4265,0.221,0.2081,0.221,AMBER,0.1768,0.2652,False,3.95
420.0,7.0,30756.0,Anssumane Fati,0.2925,0.3392,0.3392,0.3392,GREEN,0.2714,0.4071,False,1.12
450.0,7.5,3093.0,Florian Grégoire Claude Lejeune,0.2593,0.2425,0.2425,0.2425,GREEN,0.194,0.291,False,1.57
450.0,7.5,5203.0,Sergio Busquets i Burgos,0.3518,0.2194,0.2805,0.2194,GREEN,0.1755,0.2633,False,5.04
450.0,7.5,5211.0,Jordi Alba Ramos,0.3712,0.239,0.4425,0.239,GREEN,0.1912,0.2867,False,3.74
450.0,7.5,6615.0,Víctor Laguardia Cisneros,0.2374,0.2381,0.2381,0.2381,GREEN,0.1905,0.2857,False,1.14
450.0,7.5,6622.0,Tomás Pina Isla,0.3095,0.2139,0.562,0.2139,GREEN,0.1711,0.2567,False,3.57
450.0,7.5,6629.0,Fernando Pacheco Flores,0.2023,0.1972,0.1972,0.1972,GREEN,0.1577,0.2366,False,1.14
450.0,7.5,6826.0,Clément Lenglet,0.2887,0.3276,0.7972,0.3276,GREEN,0.2621,0.3932,False,4.07
450.0,7.5,6923.0,Joaquín Navarro Jiménez,0.2687,0.2486,0.2486,0.2486,GREEN,0.1989,0.2984,False,1.43
450.0,7.5,8118.0,Frenkie de Jong,0.4048,0.9027,0.9824,0.9027,AMBER,0.7221,1.0,False,4.16
450.0,7.5,9462.0,José Ignacio Peleteiro Ramallo,0.3464,0.3156,0.3156,0.3156,GREEN,0.2525,0.3787,False,1.14
450.0,7.5,10605.0,Rodrigo Andrés Battaglia,0.2621,0.3019,0.7427,0.3019,GREEN,0.2415,0.3623,False,4.02
450.0,7.5,26387.0,Edgar Antonio Méndez Ortega,0.3833,0.1937,0.2611,0.1937,GREEN,0.1549,0.2324,False,4.04
450.0,7.5,30756.0,Anssumane Fati,0.2972,0.3161,0.3161,0.3161,GREEN,0.2529,0.3793,False,1.14
480.0,8.0,3093.0,Florian Grégoire Claude Lejeune,0.2597,0.2626,0.2626,0.2626,GREEN,0.2101,0.3151,False,1.22
480.0,8.0,5203.0,Sergio Busquets i Burgos,0.3496,0.2578,0.2828,0.2578,GREEN,0.2062,0.3093,False,4.28
480.0,8.0,5211.0,Jordi Alba Ramos,0.3714,0.2215,0.2926,0.2215,GREEN,0.1772,0.2657,False,4.03
480.0,8.0,5213.0,Gerard Piqué Bernabéu,0.3329,0.3211,0.4659,0.3211,GREEN,0.2569,0.3853,False,4.78
480.0,8.0,6615.0,Víctor Laguardia Cisneros,0.2464,0.3184,0.3184,0.3184,GREEN,0.2547,0.3821,False,1.18
480.0,8.0,6629.0,Fernando Pacheco Flores,0.2007,0.1959,0.1959,0.1959,GREEN,0.1567,0.2351,False,1.19
480.0,8.0,6826.0,Clément Lenglet,0.2989,0.3153,0.5364,0.3153,GREEN,0.2522,0.3783,False,3.98
480.0,8.0,6923.0,Joaquín Navarro Jiménez,0.2711,0.2875,0.2875,0.2875,GREEN,0.23,0.345,False,1.14
480.0,8.0,9462.0,José Ignacio Peleteiro Ramallo,0.3244,0.1483,0.1483,0.1483,GREEN,0.1186,0.1779,False,1.12
480.0,8.0,10605.0,Rodrigo Andrés Battaglia,0.2832,0.2968,0.7822,0.2968,GREEN,0.2375,0.3562,False,4.13
480.0,8.0,24049.0,Luis Jesús Rioja González,0.3054,0.4545,0.6042,0.4545,GREEN,0.3636,0.5454,False,4.13
480.0,8.0,26387.0,Edgar Antonio Méndez Ortega,0.3464,0.2093,0.3617,0.2093,GREEN,0.1674,0.2511,False,4.31
510.0,8.5,5203.0,Sergio Busquets i Burgos,0.3544,0.26,0.4053,0.26,GREEN,0.208,0.312,False,4.97
510.0,8.5,5213.0,Gerard Piqué Bernabéu,0.3418,0.3396,0.402,0.3396,GREEN,0.2717,0.4075,False,3.82
510.0,8.5,5487.0,Antoine Griezmann,0.2501,0.2912,0.7866,0.2912,GREEN,0.2329,0.3494,False,4.05
510.0,8.5,5503.0,Lionel Andrés Messi Cuccittini,0.3698,0.1885,0.1885,0.1885,GREEN,0.1508,0.2261,False,1.29
510.0,8.5,6923.0,Joaquín Navarro Jiménez,0.2774,0.3279,0.3279,0.3279,GREEN,0.2623,0.3935,False,1.18
510.0,8.5,9462.0,José Ignacio Peleteiro Ramallo,0.3271,0.2013,0.6291,0.2013,GREEN,0.161,0.2416,False,3.8
510.0,8.5,24049.0,Luis Jesús Rioja González,0.3259,0.4545,0.5405,0.4545,GREEN,0.3636,0.5454,False,3.74
540.0,9.0,5203.0,Sergio Busquets i Burgos,0.353,0.2657,0.4732,0.2657,GREEN,0.2126,0.3189,False,11.36
540.0,9.0,5213.0,Gerard Piqué Bernabéu,0.3432,0.2466,0.3676,0.2466,GREEN,0.1973,0.2959,False,5.85
540.0,9.0,5477.0,Ousmane Dembélé,0.3299,0.2705,0.2705,0.2705,GREEN,0.2164,0.3246,False,1.14
540.0,9.0,5487.0,Antoine Griezmann,0.2702,0.3078,0.4899,0.3078,GREEN,0.2463,0.3694,False,3.82
540.0,9.0,5503.0,Lionel Andrés Messi Cuccittini,0.375,0.3124,0.6245,0.3124,GREEN,0.2499,0.3749,False,3.98
540.0,9.0,6379.0,Sergi Roberto Carnicer,0.2987,0.3537,0.3537,0.3537,GREEN,0.283,0.4244,False,1.13
540.0,9.0,6612.0,Rubén Duarte Sánchez,0.2194,0.4139,0.8933,0.4139,GREEN,0.3311,0.4966,False,3.83
540.0,9.0,6923.0,Joaquín Navarro Jiménez,0.296,0.323,0.7248,0.323,GREEN,0.2584,0.3876,False,3.78
540.0,9.0,9462.0,José Ignacio Peleteiro Ramallo,0.3369,0.3093,0.7462,0.3093,GREEN,0.2475,0.3712,False,3.71
570.0,9.5,5203.0,Sergio Busquets i Burgos,0.3692,0.4021,0.6296,0.4021,GREEN,0.3217,0.4825,False,4.42
570.0,9.5,5213.0,Gerard Piqué Bernabéu,0.3507,0.2469,0.4721,0.2469,GREEN,0.1976,0.2963,False,4.25
570.0,9.5,5477.0,Ousmane Dembélé,0.328,0.238,0.4451,0.238,GREEN,0.1904,0.2856,False,4.05
570.0,9.5,5487.0,Antoine Griezmann,0.2917,0.3448,0.4874,0.3448,GREEN,0.2758,0.4138,False,4.27
570.0,9.5,5503.0,Lionel Andrés Messi Cuccittini,0.4036,0.4445,0.8399,0.4445,AMBER,0.3556,0.5334,False,4.58
570.0,9.5,6379.0,Sergi Roberto Carnicer,0.3094,0.3537,0.5033,0.3537,GREEN,0.283,0.4244,False,4.44
570.0,9.5,6590.0,Norberto Murara Neto,0.3145,0.4088,0.4088,0.4088,GREEN,0.327,0.4905,False,1.43
570.0,9.5,6612.0,Rubén Duarte Sánchez,0.2593,0.4473,0.68,0.4473,GREEN,0.3579,0.5368,False,3.81
570.0,9.5,9462.0,José Ignacio Peleteiro Ramallo,0.3496,0.3627,0.7289,0.3627,GREEN,0.2902,0.4352,False,3.38
570.0,9.5,25134.0,Deyverson Brum Silva Acosta,0.3514,0.115,0.3361,0.115,GREEN,0.092,0.138,False,3.75
600.0,10.0,5213.0,Gerard Piqué Bernabéu,0.3599,0.2476,0.6654,0.2476,GREEN,0.1981,0.2971,False,4.38
600.0,10.0,6590.0,Norberto Murara Neto,0.3016,0.2629,0.2629,0.2629,GREEN,0.2103,0.3154,False,1.18
600.0,10.0,6612.0,Rubén Duarte Sánchez,0.2778,0.3138,0.3156,0.3138,GREEN,0.2511,0.3766,False,4.35
600.0,10.0,6826.0,Clément Lenglet,0.2983,0.2572,0.3234,0.2572,GREEN,0.2058,0.3087,False,4.05
600.0,10.0,6923.0,Joaquín Navarro Jiménez,0.313,0.3111,0.557,0.3111,GREEN,0.2489,0.3734,False,4.02
600.0,10.0,25134.0,Deyverson Brum Silva Acosta,0.3171,0.1331,0.0414,0.1331,GREEN,0.1064,0.1597,False,4.13
600.0,10.0,30756.0,Anssumane Fati,0.3258,0.4686,0.4686,0.4686,GREEN,0.3749,0.5624,False,1.15
630.0,10.5,5203.0,Sergio Busquets i Burgos,0.3644,0.2843,0.5143,0.2843,GREEN,0.2274,0.3411,False,9.73
630.0,10.5,5211.0,Jordi Alba Ramos,0.3701,0.1894,0.2806,0.1894,GREEN,0.1515,0.2273,False,5.36
630.0,10.5,5213.0,Gerard Piqué Bernabéu,0.3589,0.1656,0.5857,0.4348,GREEN,0.3461,0.5777,False,78.41
630.0,10.5,5487.0,Antoine Griezmann,0.3144,0.3399,0.5082,0.3399,GREEN,0.2719,0.4079,False,4.53
630.0,10.5,5503.0,Lionel Andrés Messi Cuccittini,0.4198,0.3106,0.6927,0.3106,AMBER,0.2485,0.3728,True,4.45
630.0,10.5,6590.0,Norberto Murara Neto,0.2848,0.2175,0.2175,0.2175,GREEN,0.174,0.2611,False,1.47
630.0,10.5,6826.0,Clément Lenglet,0.2969,0.2871,0.453,0.2871,GREEN,0.2297,0.3445,False,4.56
630.0,10.5,6923.0,Joaquín Navarro Jiménez,0.3275,0.2546,0.56,0.2546,GREEN,0.2037,0.3055,False,4.27
630.0,10.5,8118.0,Frenkie de Jong,0.4094,0.2292,0.2933,0.2292,AMBER,0.1834,0.2751,True,4.64
630.0,10.5,9462.0,José Ignacio Peleteiro Ramallo,0.3713,0.629,0.9654,0.629,GREEN,0.5032,0.7548,False,4.83
630.0,10.5,10605.0,Rodrigo Andrés Battaglia,0.3271,0.5083,0.9869,0.5083,GREEN,0.4066,0.6099,False,4.17
630.0,10.5,25134.0,Deyverson Brum Silva Acosta,0.2895,0.2224,0.1445,0.2224,GREEN,0.1779,0.2669,False,3.69
630.0,10.5,30756.0,Anssumane Fati,0.3525,0.5127,0.5127,0.5127,GREEN,0.4101,0.6152,False,1.5
660.0,11.0,5203.0,Sergio Busquets i Burgos,0.3888,0.2964,0.6539,0.7497,GREEN,0.5107,0.9762,False,61.16
660.0,11.0,5211.0,Jordi Alba Ramos,0.3903,0.1928,0.3391,0.9592,GREEN,0.8758,0.9954,False,61.92
660.0,11.0,5213.0,Gerard Piqué Bernabéu,0.3707,0.2715,0.7036,0.4291,GREEN,0.3454,0.5442,False,75.99
660.0,11.0,5477.0,Ousmane Dembélé,0.3519,0.3365,0.7389,0.3365,GREEN,0.2692,0.4038,False,5.0
660.0,11.0,5487.0,Antoine Griezmann,0.3284,0.3001,0.4687,0.3001,GREEN,0.2401,0.3601,False,4.73
660.0,11.0,5503.0,Lionel Andrés Messi Cuccittini,0.4254,0.2472,0.4932,0.2472,AMBER,0.1977,0.2966,False,4.25
660.0,11.0,6379.0,Sergi Roberto Carnicer,0.3099,0.2617,0.4056,0.2617,GREEN,0.2094,0.3141,False,5.44
660.0,11.0,6826.0,Clément Lenglet,0.3107,0.3383,0.7935,0.3383,GREEN,0.2707,0.406,False,5.07
660.0,11.0,6923.0,Joaquín Navarro Jiménez,0.3477,0.2713,0.6646,0.2713,GREEN,0.2171,0.3256,False,5.27
660.0,11.0,8118.0,Frenkie de Jong,0.3896,0.1088,0.2575,0.1088,GREEN,0.087,0.1305,False,4.99
660.0,11.0,9462.0,José Ignacio Peleteiro Ramallo,0.3591,0.5508,0.2487,0.5508,GREEN,0.4406,0.661,False,4.76
660.0,11.0,10605.0,Rodrigo Andrés Battaglia,0.3356,0.2424,0.2946,0.2424,GREEN,0.1939,0.2909,False,4.55
660.0,11.0,25134.0,Deyverson Brum Silva Acosta,0.2892,0.2656,0.3412,0.2656,GREEN,0.2124,0.3187,False,4.46
660.0,11.0,26387.0,Edgar Antonio Méndez Ortega,0.3009,0.1667,0.434,0.1667,GREEN,0.1334,0.2001,False,4.26
660.0,11.0,30756.0,Anssumane Fati,0.3364,0.2242,0.2242,0.2242,GREEN,0.1794,0.2691,False,1.42
690.0,11.5,5203.0,Sergio Busquets i Burgos,0.3985,0.3016,0.7808,0.4777,GREEN,0.4112,0.5855,False,63.57
690.0,11.5,5211.0,Jordi Alba Ramos,0.4173,0.2925,0.8154,0.7808,AMBER,0.5061,0.968,False,59.49
690.0,11.5,5213.0,Gerard Piqué Bernabéu,0.4084,0.3231,0.9546,0.5992,AMBER,0.4862,0.7779,False,62.96
690.0,11.5,5477.0,Ousmane Dembélé,0.3864,0.3445,0.8483,0.3445,GREEN,0.2756,0.4134,False,4.19
690.0,11.5,5503.0,Lionel Andrés Messi Cuccittini,0.4259,0.2562,0.5247,0.2562,AMBER,0.205,0.3075,True,3.98
690.0,11.5,6379.0,Sergi Roberto Carnicer,0.3128,0.2615,0.4425,0.2615,GREEN,0.2092,0.3138,False,3.94
690.0,11.5,6590.0,Norberto Murara Neto,0.2735,0.2169,0.2169,0.2169,GREEN,0.1735,0.2602,False,1.36
690.0,11.5,6622.0,Tomás Pina Isla,0.2698,0.2233,0.5241,0.2233,GREEN,0.1786,0.268,False,3.94
690.0,11.5,6826.0,Clément Lenglet,0.3448,0.3395,0.6569,0.7099,GREEN,0.5501,0.8674,False,62.94
690.0,11.5,6923.0,Joaquín Navarro Jiménez,0.3471,0.1582,0.5111,0.1582,GREEN,0.1266,0.1898,False,4.02
690.0,11.5,8118.0,Frenkie de Jong,0.3927,0.2412,0.4289,0.2412,GREEN,0.1929,0.2894,False,3.76
690.0,11.5,10605.0,Rodrigo Andrés Battaglia,0.3459,0.1949,0.4172,0.1949,GREEN,0.1559,0.2339,False,3.93
690.0,11.5,25134.0,Deyverson Brum Silva Acosta,0.2985,0.2644,0.5684,0.2644,GREEN,0.2115,0.3173,False,3.84
690.0,11.5,26387.0,Edgar Antonio Méndez Ortega,0.2712,0.1785,0.467,0.3038,GREEN,0.2352,0.3772,False,60.97
690.0,11.5,30756.0,Anssumane Fati,0.3262,0.244,0.244,0.244,GREEN,0.1952,0.2928,False,1.26
720.0,12.0,3093.0,Florian Grégoire Claude Lejeune,0.2562,0.2279,0.2279,0.2279,GREEN,0.1823,0.2735,False,1.17
720.0,12.0,5203.0,Sergio Busquets i Burgos,0.4282,0.3476,0.8096,0.8128,AMBER,0.6812,0.9317,False,58.33
720.0,12.0,5211.0,Jordi Alba Ramos,0.3711,0.3194,0.8205,0.1591,GREEN,0.0562,0.2425,False,58.85
720.0,12.0,5213.0,Gerard Piqué Bernabéu,0.4284,0.3012,0.5881,0.5753,AMBER,0.4075,0.8546,True,59.06
720.0,12.0,6379.0,Sergi Roberto Carnicer,0.3144,0.243,0.4964,0.243,GREEN,0.1944,0.2916,False,3.91
720.0,12.0,6590.0,Norberto Murara Neto,0.2684,0.2383,0.2383,0.2383,GREEN,0.1906,0.2859,False,1.16
720.0,12.0,6612.0,Rubén Duarte Sánchez,0.2806,0.2765,0.2263,0.2765,GREEN,0.2212,0.3318,False,4.25
720.0,12.0,6615.0,Víctor Laguardia Cisneros,0.2516,0.2019,0.4771,0.2019,GREEN,0.1615,0.2423,False,3.77
720.0,12.0,6622.0,Tomás Pina Isla,0.2654,0.2348,0.5071,0.2348,GREEN,0.1878,0.2817,False,3.58
720.0,12.0,6826.0,Clément Lenglet,0.3784,0.3558,0.6432,0.5026,GREEN,0.4388,0.6194,False,60.39
720.0,12.0,6923.0,Joaquín Navarro Jiménez,0.3355,0.25,0.5984,0.25,GREEN,0.2,0.3,False,4.19
720.0,12.0,8118.0,Frenkie de Jong,0.4281,0.2568,0.6142,0.8721,AMBER,0.7521,0.9827,False,63.69
720.0,12.0,10605.0,Rodrigo Andrés Battaglia,0.3709,0.2342,0.3888,0.8493,GREEN,0.7447,0.9617,False,69.78
720.0,12.0,25134.0,Deyverson Brum Silva Acosta,0.3189,0.4288,0.758,0.4288,GREEN,0.343,0.5145,False,4.59
720.0,12.0,26387.0,Edgar Antonio Méndez Ortega,0.2618,0.2,0.5382,0.4034,GREEN,0.3026,0.4792,False,67.9
750.0,12.5,3093.0,Florian Grégoire Claude Lejeune,0.2624,0.2475,0.4489,0.2475,GREEN,0.198,0.297,False,4.33
750.0,12.5,5203.0,Sergio Busquets i Burgos,0.439,0.2874,0.4564,0.616,AMBER,0.3565,0.8582,True,61.12
750.0,12.5,5213.0,Gerard Piqué Bernabéu,0.432,0.2867,0.4167,0.566,AMBER,0.3319,0.9057,False,89.35
750.0,12.5,6379.0,Sergi Roberto Carnicer,0.3111,0.243,0.4416,0.243,GREEN,0.1944,0.2916,False,4.27
750.0,12.5,6590.0,Norberto Murara Neto,0.2641,0.2336,0.2336,0.2336,GREEN,0.1869,0.2803,False,1.28
750.0,12.5,6612.0,Rubén Duarte Sánchez,0.2892,0.2636,0.2421,0.2636,GREEN,0.2109,0.3164,False,4.27
750.0,12.5,6615.0,Víctor Laguardia Cisneros,0.2581,0.1855,0.5513,0.1855,GREEN,0.1484,0.2226,False,4.11
750.0,12.5,6629.0,Fernando Pacheco Flores,0.2362,0.378,0.378,0.378,GREEN,0.3024,0.4537,False,1.33
750.0,12.5,6826.0,Clément Lenglet,0.4235,0.2831,0.6201,0.8532,AMBER,0.762,0.9484,False,76.08
750.0,12.5,9462.0,José Ignacio Peleteiro Ramallo,0.3637,0.2599,0.3334,0.2599,GREEN,0.2079,0.3118,False,4.39
750.0,12.5,10605.0,Rodrigo Andrés Battaglia,0.4097,0.2414,0.5073,0.9618,AMBER,0.9176,0.9928,False,71.94
750.0,12.5,30756.0,Anssumane Fati,0.3224,0.2953,0.2755,0.2953,GREEN,0.2363,0.3544,False,4.27
780.0,13.0,3093.0,Florian Grégoire Claude Lejeune,0.2912,0.3891,0.9201,0.3891,GREEN,0.3113,0.4669,False,4.07
780.0,13.0,5203.0,Sergio Busquets i Burgos,0.4706,0.266,0.4184,0.7936,AMBER,0.5819,0.9179,False,70.5
780.0,13.0,5213.0,Gerard Piqué Bernabéu,0.4352,0.2779,0.3255,0.5209,AMBER,0.4222,0.6557,True,71.24
780.0,13.0,6590.0,Norberto Murara Neto,0.2559,0.1904,0.1904,0.1904,GREEN,0.1523,0.2285,False,1.3
780.0,13.0,6629.0,Fernando Pacheco Flores,0.2373,0.2428,0.2428,0.2428,GREEN,0.1943,0.2914,False,1.16
780.0,13.0,6826.0,Clément Lenglet,0.4796,0.3127,0.6369,0.9639,AMBER,0.9287,0.9866,True,72.18
780.0,13.0,9462.0,José Ignacio Peleteiro Ramallo,0.386,0.2086,0.1464,0.7318,GREEN,0.6479,0.851,False,63.24
780.0,13.0,25134.0,Deyverson Brum Silva Acosta,0.3654,0.4027,0.6632,0.9767,GREEN,0.9404,0.9968,False,59.55
780.0,13.0,30756.0,Anssumane Fati,0.3381,0.3164,0.4296,0.3164,GREEN,0.2531,0.3797,False,3.98
810.0,13.5,3093.0,Florian Grégoire Claude Lejeune,0.2976,0.3466,0.3609,0.3466,GREEN,0.2773,0.4159,False,3.72
810.0,13.5,5211.0,Jordi Alba Ramos,0.3516,0.2352,0.7594,0.0538,GREEN,0.0108,0.1071,False,64.07
810.0,13.5,6629.0,Fernando Pacheco Flores,0.2283,0.1747,0.1747,0.1747,GREEN,0.1398,0.2097,False,1.25
810.0,13.5,6826.0,Clément Lenglet,0.5092,0.433,0.6919,0.5315,AMBER,0.3914,0.656,False,59.6
810.0,13.5,25134.0,Deyverson Brum Silva Acosta,0.3757,0.4027,0.5063,0.1849,GREEN,0.0506,0.4138,False,59.92
840.0,14.0,5211.0,Jordi Alba Ramos,0.3841,0.2688,0.7659,0.4074,GREEN,0.1584,0.5488,False,59.37
840.0,14.0,6622.0,Tomás Pina Isla,0.3429,0.8525,0.9933,0.8525,GREEN,0.682,1.0,False,3.79
840.0,14.0,6826.0,Clément Lenglet,0.5103,0.4119,0.8329,0.2852,AMBER,0.2056,0.3435,True,60.21
840.0,14.0,6923.0,Joaquín Navarro Jiménez,0.3733,0.339,0.6062,0.6747,GREEN,0.5347,0.7998,False,61.17
840.0,14.0,8118.0,Frenkie de Jong,0.4633,0.3745,0.8746,0.5619,AMBER,0.28,0.7514,True,63.35
840.0,14.0,10605.0,Rodrigo Andrés Battaglia,0.4414,0.317,0.7413,0.5145,AMBER,0.3748,0.6392,True,76.62
840.0,14.0,26387.0,Edgar Antonio Méndez Ortega,0.2836,0.2858,0.654,0.4383,GREEN,0.3698,0.5397,False,70.29
840.0,14.0,30756.0,Anssumane Fati,0.3878,0.5448,0.976,0.5448,GREEN,0.4358,0.6538,False,4.14
870.0,14.5,5487.0,Antoine Griezmann,0.3385,0.3674,0.4273,0.3674,GREEN,0.2939,0.4409,False,3.97
870.0,14.5,6622.0,Tomás Pina Isla,0.3849,0.8522,0.1862,0.8522,GREEN,0.6818,1.0,False,3.95
870.0,14.5,6826.0,Clément Lenglet,0.5463,0.4649,0.9193,0.7512,AMBER,0.5732,0.9424,False,61.31
870.0,14.5,6923.0,Joaquín Navarro Jiménez,0.4078,0.2698,0.4806,0.827,AMBER,0.7334,0.9346,False,59.62
870.0,14.5,8118.0,Frenkie de Jong,0.5143,0.3744,0.5343,0.8806,AMBER,0.7594,0.9659,False,62.06
870.0,14.5,9462.0,José Ignacio Peleteiro Ramallo,0.4021,0.2174,0.1935,0.5383,AMBER,0.4157,0.6941,False,64.27
870.0,14.5,10605.0,Rodrigo Andrés Battaglia,0.4752,0.317,0.4033,0.7162,AMBER,0.6517,0.7915,False,66.9
870.0,14.5,26387.0,Edgar Antonio Méndez Ortega,0.3125,0.2859,0.5995,0.3806,GREEN,0.3431,0.4286,False,74.52
870.0,14.5,30756.0,Anssumane Fati,0.3907,0.5445,0.3076,0.5445,GREEN,0.4356,0.6534,False,4.67
900.0,15.0,3093.0,Florian Grégoire Claude Lejeune,0.3045,0.2096,0.3488,0.2096,GREEN,0.1677,0.2516,False,4.64
900.0,15.0,5203.0,Sergio Busquets i Burgos,0.5054,0.2487,0.5692,0.8116,AMBER,0.7124,0.9546,True,74.68
900.0,15.0,5211.0,Jordi Alba Ramos,0.408,0.3317,0.8195,0.2718,AMBER,0.1764,0.3536,False,71.98
900.0,15.0,5213.0,Gerard Piqué Bernabéu,0.4406,0.2049,0.3222,0.5808,AMBER,0.5051,0.6726,True,66.06
900.0,15.0,5487.0,Antoine Griezmann,0.3578,0.3767,0.4799,0.5267,GREEN,0.3956,0.7395,False,67.65
900.0,15.0,6379.0,Sergi Roberto Carnicer,0.3127,0.3076,0.4503,0.3076,GREEN,0.2461,0.3691,False,5.73
900.0,15.0,6826.0,Clément Lenglet,0.5809,0.3081,0.6311,0.7642,AMBER,0.6002,0.9136,True,67.75
900.0,15.0,6923.0,Joaquín Navarro Jiménez,0.4201,0.2411,0.43,0.471,AMBER,0.3796,0.566,True,116.56
900.0,15.0,9462.0,José Ignacio Peleteiro Ramallo,0.41,0.2464,0.2889,0.5426,AMBER,0.4672,0.6731,True,72.56
900.0,15.0,30756.0,Anssumane Fati,0.385,0.2254,0.3898,0.2254,GREEN,0.1803,0.2705,False,4.67
930.0,15.5,3093.0,Florian Grégoire Claude Lejeune,0.3137,0.2094,0.4162,0.2094,GREEN,0.1675,0.2513,False,4.25
930.0,15.5,5203.0,Sergio Busquets i Burgos,0.5247,0.2025,0.3814,0.7329,AMBER,0.6287,0.8553,False,74.09
930.0,15.5,5211.0,Jordi Alba Ramos,0.4274,0.3081,0.8468,0.2523,AMBER,0.1685,0.3372,True,72.45
930.0,15.5,5213.0,Gerard Piqué Bernabéu,0.4565,0.2192,0.4071,0.5814,AMBER,0.5062,0.735,False,73.72
930.0,15.5,6379.0,Sergi Roberto Carnicer,0.3471,0.2884,0.588,0.6687,GREEN,0.4599,0.8275,False,71.53
930.0,15.5,6622.0,Tomás Pina Isla,0.3778,0.1392,0.3638,0.1392,GREEN,0.1113,0.167,False,4.7
930.0,15.5,6826.0,Clément Lenglet,0.6027,0.1697,0.4222,0.8481,AMBER,0.7383,0.9601,False,63.97
930.0,15.5,8118.0,Frenkie de Jong,0.5501,0.2233,0.287,0.9592,AMBER,0.9233,0.992,True,57.9
930.0,15.5,26387.0,Edgar Antonio Méndez Ortega,0.331,0.2915,0.6029,0.4089,GREEN,0.3539,0.4639,False,59.87
930.0,15.5,30756.0,Anssumane Fati,0.3743,0.1759,0.2685,0.1759,GREEN,0.1407,0.2111,False,5.09
960.0,16.0,5203.0,Sergio Busquets i Burgos,0.5438,0.2497,0.3317,0.8078,AMBER,0.6586,0.9278,True,58.77
960.0,16.0,5211.0,Jordi Alba Ramos,0.4526,0.3658,0.9475,0.3503,AMBER,0.2992,0.4023,False,73.39
960.0,16.0,5213.0,Gerard Piqué Bernabéu,0.4787,0.2622,0.5671,0.6603,AMBER,0.4633,0.9096,True,72.51
960.0,16.0,5477.0,Ousmane Dembélé,0.4265,0.4104,0.9253,0.4104,AMBER,0.3283,0.4925,False,4.52
960.0,16.0,5487.0,Antoine Griezmann,0.3788,0.3507,0.6125,0.3718,GREEN,0.2629,0.4861,False,75.01
960.0,16.0,6379.0,Sergi Roberto Carnicer,0.3884,0.248,0.6729,0.7961,GREEN,0.6963,0.8947,False,72.9
960.0,16.0,6612.0,Rubén Duarte Sánchez,0.3058,0.2163,0.5305,0.2163,GREEN,0.1731,0.2596,False,4.42
960.0,16.0,6622.0,Tomás Pina Isla,0.3965,0.1378,0.3082,0.7536,GREEN,0.5186,0.9351,False,65.44
960.0,16.0,6826.0,Clément Lenglet,0.6272,0.376,0.7905,0.8682,AMBER,0.7559,0.9498,True,66.12
960.0,16.0,8118.0,Frenkie de Jong,0.5518,0.2056,0.3645,0.9804,AMBER,0.943,0.9963,False,68.46
960.0,16.0,9462.0,José Ignacio Peleteiro Ramallo,0.4425,0.2672,0.4497,0.5832,AMBER,0.488,0.659,True,74.1
960.0,16.0,10605.0,Rodrigo Andrés Battaglia,0.4987,0.2134,0.2539,0.9305,AMBER,0.8524,0.9742,True,73.4
960.0,16.0,24049.0,Luis Jesús Rioja González,0.3336,0.2783,0.6291,0.2783,GREEN,0.2226,0.3339,False,4.68
960.0,16.0,26387.0,Edgar Antonio Méndez Ortega,0.3453,0.248,0.444,0.3783,GREEN,0.317,0.4393,False,73.6
960.0,16.0,30756.0,Anssumane Fati,0.3791,0.2162,0.4552,0.6999,GREEN,0.5479,0.8652,False,149.14
990.0,16.5,5203.0,Sergio Busquets i Burgos,0.5481,0.2496,0.4404,0.7127,AMBER,0.5986,0.83,False,189.3
990.0,16.5,5211.0,Jordi Alba Ramos,0.4809,0.307,0.8939,0.3443,AMBER,0.2933,0.3808,True,742.77
990.0,16.5,5213.0,Gerard Piqué Bernabéu,0.5043,0.2805,0.7054,0.7695,AMBER,0.5854,0.9423,False,488.72
990.0,16.5,5477.0,Ousmane Dembélé,0.4536,0.3931,0.8158,0.3931,AMBER,0.3145,0.4717,True,29.17
990.0,16.5,5487.0,Antoine Griezmann,0.4137,0.3459,0.6972,0.5836,AMBER,0.4678,0.729,False,514.3
990.0,16.5,6379.0,Sergi Roberto Carnicer,0.4114,0.2328,0.6436,0.5238,AMBER,0.4516,0.6357,False,308.53
990.0,16.5,6590.0,Norberto Murara Neto,0.2543,0.2262,0.2661,0.2262,GREEN,0.181,0.2715,False,15.3
990.0,16.5,6612.0,Rubén Duarte Sánchez,0.3521,0.2163,0.8462,0.654,GREEN,0.5294,0.8632,False,296.74
990.0,16.5,8118.0,Frenkie de Jong,0.5218,0.2894,0.5224,0.4216,AMBER,0.3268,0.5459,True,431.24
990.0,16.5,9462.0,José Ignacio Peleteiro Ramallo,0.4734,0.3135,0.6115,0.8511,AMBER,0.7515,0.9149,False,332.43
990.0,16.5,10605.0,Rodrigo Andrés Battaglia,0.5117,0.2132,0.2984,0.9741,AMBER,0.9317,0.9938,False,357.41
990.0,16.5,24049.0,Luis Jesús Rioja González,0.3362,0.2057,0.5673,0.2057,GREEN,0.1646,0.2468,False,20.05
990.0,16.5,25134.0,Deyverson Brum Silva Acosta,0.353,0.199,0.4336,0.1457,GREEN,0.0548,0.2671,False,426.14
990.0,16.5,26387.0,Edgar Antonio Méndez Ortega,0.3697,0.3972,0.5307,0.434,GREEN,0.362,0.5105,False,343.18
990.0,16.5,30756.0,Anssumane Fati,0.3834,0.2744,0.5974,0.6466,GREEN,0.544,0.7918,False,470.48
1020.0,17.0,3093.0,Florian Grégoire Claude Lejeune,0.3118,0.2137,0.4327,0.2137,GREEN,0.1709,0.2564,False,53.43
1020.0,17.0,5203.0,Sergio Busquets i Burgos,0.587,0.3248,0.9004,0.8314,AMBER,0.7266,0.9269,True,401.36
1020.0,17.0,5213.0,Gerard Piqué Bernabéu,0.5392,0.3282,0.82,0.9566,AMBER,0.9233,0.9847,True,371.83
1020.0,17.0,5477.0,Ousmane Dembélé,0.4532,0.2279,0.4604,0.2279,AMBER,0.1823,0.2735,False,22.64
1020.0,17.0,5487.0,Antoine Griezmann,0.4537,0.398,0.8487,0.6109,AMBER,0.5223,0.7124,True,331.39
1020.0,17.0,5503.0,Lionel Andrés Messi Cuccittini,0.4083,0.2989,0.8105,0.2989,AMBER,0.2391,0.3587,True,31.63
1020.0,17.0,6379.0,Sergi Roberto Carnicer,0.4229,0.3444,0.6783,0.3611,AMBER,0.2714,0.4369,True,390.89
1020.0,17.0,6590.0,Norberto Murara Neto,0.2532,0.2165,0.3047,0.2165,GREEN,0.1732,0.2598,False,37.03
1020.0,17.0,6615.0,Víctor Laguardia Cisneros,0.2586,0.1395,0.4612,0.1395,GREEN,0.1116,0.1674,False,16.75
1020.0,17.0,6622.0,Tomás Pina Isla,0.425,0.1852,0.3856,0.9002,AMBER,0.7684,0.9771,False,345.87
1020.0,17.0,6826.0,Clément Lenglet,0.627,0.2299,0.4512,0.914,AMBER,0.8183,0.9587,True,365.73
1020.0,17.0,8118.0,Frenkie de Jong,0.4521,0.2749,0.3819,0.1006,AMBER,0.028,0.2255,False,363.65
1020.0,17.0,10605.0,Rodrigo Andrés Battaglia,0.5159,0.18,0.3784,0.7575,AMBER,0.6618,0.8847,True,352.43
1020.0,17.0,24049.0,Luis Jesús Rioja González,0.3553,0.3597,0.4666,0.3597,GREEN,0.2878,0.4317,False,33.58
1020.0,17.0,25134.0,Deyverson Brum Silva Acosta,0.3706,0.2362,0.6875,0.8279,GREEN,0.6949,0.9559,False,292.02
1020.0,17.0,26387.0,Edgar Antonio Méndez Ortega,0.3963,0.4204,0.5731,0.4433,GREEN,0.4083,0.4797,False,295.45
1020.0,17.0,30756.0,Anssumane Fati,0.405,0.3091,0.6614,0.3277,AMBER,0.1934,0.4188,False,371.66
1050.0,17.5,3093.0,Florian Grégoire Claude Lejeune,0.3188,0.1341,0.4777,0.4133,GREEN,0.2186,0.5792,False,369.9
1050.0,17.5,5203.0,Sergio Busquets i Burgos,0.594,0.2525,0.7378,0.8597,AMBER,0.7035,0.9673,False,363.68
1050.0,17.5,5213.0,Gerard Piqué Bernabéu,0.538,0.288,0.8941,0.247,AMBER,0.1136,0.3238,False,454.15
1050.0,17.5,5477.0,Ousmane Dembélé,0.4789,0.1733,0.4707,0.8703,AMBER,0.7831,0.9287,True,358.19
1050.0,17.5,5487.0,Antoine Griezmann,0.4691,0.3983,0.8049,0.5716,AMBER,0.5041,0.6708,False,388.12
1050.0,17.5,5503.0,Lionel Andrés Messi Cuccittini,0.3791,0.244,0.548,0.3386,GREEN,0.237,0.4297,False,376.19
1050.0,17.5,6379.0,Sergi Roberto Carnicer,0.4372,0.3342,0.775,0.4696,AMBER,0.3966,0.5789,False,375.01
1050.0,17.5,6612.0,Rubén Duarte Sánchez,0.4055,0.4141,0.9475,0.7332,AMBER,0.6374,0.8357,False,294.89
1050.0,17.5,6615.0,Víctor Laguardia Cisneros,0.2615,0.168,0.513,0.168,GREEN,0.1344,0.2016,False,16.31
1050.0,17.5,6622.0,Tomás Pina Isla,0.4497,0.21,0.504,0.6226,AMBER,0.5073,0.7546,True,321.36
1050.0,17.5,6826.0,Clément Lenglet,0.6303,0.2394,0.3901,0.8259,AMBER,0.7278,0.9186,False,364.7
1050.0,17.5,10605.0,Rodrigo Andrés Battaglia,0.5017,0.2086,0.5026,0.7011,AMBER,0.5759,0.8567,False,402.49
1050.0,17.5,24049.0,Luis Jesús Rioja González,0.3946,0.5202,0.6471,0.5703,GREEN,0.4952,0.6461,False,381.12
1080.0,18.0,3093.0,Florian Grégoire Claude Lejeune,0.3279,0.1407,0.4614,0.3193,GREEN,0.1776,0.5227,False,564.87
1080.0,18.0,5203.0,Sergio Busquets i Burgos,0.5857,0.3118,0.5886,0.438,AMBER,0.373,0.4788,True,1098.86
1080.0,18.0,5211.0,Jordi Alba Ramos,0.5027,0.2482,0.5759,0.4192,AMBER,0.3668,0.477,True,807.87
1080.0,18.0,5213.0,Gerard Piqué Bernabéu,0.53,0.3381,0.9405,0.424,AMBER,0.2753,0.7086,True,617.7
1080.0,18.0,5477.0,Ousmane Dembélé,0.4802,0.2132,0.5243,0.6551,AMBER,0.5616,0.7472,False,789.84
1080.0,18.0,5503.0,Lionel Andrés Messi Cuccittini,0.4024,0.431,0.8013,0.4233,AMBER,0.37,0.4854,False,1025.45
1080.0,18.0,6379.0,Sergi Roberto Carnicer,0.4635,0.2623,0.7881,0.5475,AMBER,0.4815,0.641,True,558.18
1080.0,18.0,6590.0,Norberto Murara Neto,0.2465,0.17,0.2815,0.17,GREEN,0.136,0.204,False,40.56
1080.0,18.0,6612.0,Rubén Duarte Sánchez,0.4525,0.2397,0.8039,0.7287,AMBER,0.5876,0.8431,True,217.65
1080.0,18.0,6622.0,Tomás Pina Isla,0.4815,0.3172,0.7006,0.495,AMBER,0.3752,0.5871,False,74.29
1080.0,18.0,6826.0,Clément Lenglet,0.6225,0.2812,0.4703,0.7959,AMBER,0.7078,0.8758,True,73.3
1080.0,18.0,6923.0,Joaquín Navarro Jiménez,0.4458,0.2332,0.3856,0.8964,AMBER,0.7666,0.9677,True,74.67
1080.0,18.0,24049.0,Luis Jesús Rioja González,0.4337,0.3629,0.7401,0.8174,AMBER,0.6514,0.9714,False,749.1
1080.0,18.0,26387.0,Edgar Antonio Méndez Ortega,0.4218,0.3351,0.6141,0.5225,AMBER,0.4599,0.5875,False,75.41
1110.0,18.5,3093.0,Florian Grégoire Claude Lejeune,0.352,0.2292,0.7207,0.4565,GREEN,0.3278,0.7607,False,572.84
1110.0,18.5,5211.0,Jordi Alba Ramos,0.4792,0.2283,0.4199,0.3575,AMBER,0.3053,0.412,False,1003.0
1110.0,18.5,5213.0,Gerard Piqué Bernabéu,0.5416,0.4026,0.9398,0.5157,AMBER,0.4091,0.6161,False,1588.49
1110.0,18.5,5477.0,Ousmane Dembélé,0.4703,0.3031,0.5921,0.6735,AMBER,0.5692,0.775,True,1073.59
1110.0,18.5,5487.0,Antoine Griezmann,0.4999,0.4269,0.7605,0.7292,AMBER,0.6123,0.8662,True,1055.93
1110.0,18.5,5503.0,Lionel Andrés Messi Cuccittini,0.4402,0.6511,0.5649,0.7232,AMBER,0.5145,0.9038,True,570.34
1110.0,18.5,6379.0,Sergi Roberto Carnicer,0.4928,0.3633,0.8204,0.5744,AMBER,0.4404,0.7211,False,214.76
1110.0,18.5,6590.0,Norberto Murara Neto,0.2274,0.1707,0.3053,0.1707,GREEN,0.1365,0.2048,False,58.04
1110.0,18.5,6612.0,Rubén Duarte Sánchez,0.49,0.3252,0.7395,0.6092,AMBER,0.4679,0.8039,False,841.13
1110.0,18.5,6826.0,Clément Lenglet,0.614,0.24,0.453,0.9499,AMBER,0.8893,0.9858,False,728.88
1110.0,18.5,6923.0,Joaquín Navarro Jiménez,0.4535,0.3357,0.4578,0.6961,AMBER,0.5871,0.8113,False,150.75
1110.0,18.5,26387.0,Edgar Antonio Méndez Ortega,0.4491,0.3116,0.6213,0.5636,AMBER,0.4744,0.7003,True,77.44
1110.0,18.5,30756.0,Anssumane Fati,0.4403,0.2733,0.6221,0.7216,AMBER,0.6226,0.83,True,863.99
1140.0,19.0,5203.0,Sergio Busquets i Burgos,0.5616,0.2547,0.6399,0.4494,AMBER,0.3766,0.5852,True,1146.34
1140.0,19.0,5211.0,Jordi Alba Ramos,0.4623,0.2009,0.37,0.7933,AMBER,0.5079,0.9635,True,1054.07
1140.0,19.0,5213.0,Gerard Piqué Bernabéu,0.5447,0.2327,0.7401,0.408,AMBER,0.3633,0.4972,True,1165.8
1140.0,19.0,5477.0,Ousmane Dembélé,0.51,0.4028,0.7416,0.7286,AMBER,0.6198,0.7975,False,1165.97
1140.0,19.0,5487.0,Antoine Griezmann,0.5173,0.424,0.6937,0.5369,AMBER,0.4319,0.6223,False,796.19
1140.0,19.0,6379.0,Sergi Roberto Carnicer,0.5246,0.3714,0.8933,0.5838,AMBER,0.5017,0.6871,True,1343.58
1140.0,19.0,6826.0,Clément Lenglet,0.6151,0.2935,0.5305,0.7435,AMBER,0.6107,0.9206,True,1042.13
1140.0,19.0,6923.0,Joaquín Navarro Jiménez,0.4816,0.3857,0.6862,0.8003,AMBER,0.6671,0.9281,True,529.43
1140.0,19.0,8118.0,Frenkie de Jong,0.4597,0.2945,0.3201,0.3469,AMBER,0.2634,0.4313,True,107.43
1140.0,19.0,9462.0,José Ignacio Peleteiro Ramallo,0.5017,0.3413,0.743,0.9262,AMBER,0.8765,0.9775,True,609.11
1140.0,19.0,25134.0,Deyverson Brum Silva Acosta,0.4249,0.1666,0.9001,0.8592,AMBER,0.761,0.9428,False,988.76
1140.0,19.0,30756.0,Anssumane Fati,0.5,0.5532,0.9874,0.9536,AMBER,0.9154,0.9891,False,1250.19
1170.0,19.5,5203.0,Sergio Busquets i Burgos,0.5678,0.2821,0.8487,0.451,AMBER,0.3984,0.5263,False,1105.38
1170.0,19.5,5211.0,Jordi Alba Ramos,0.4647,0.2008,0.3432,0.6363,AMBER,0.5664,0.7152,False,1301.4
1170.0,19.5,5213.0,Gerard Piqué Bernabéu,0.555,0.3382,0.3705,0.6865,AMBER,0.5343,0.8688,False,1111.92
1170.0,19.5,5477.0,Ousmane Dembélé,0.5513,0.5232,0.9819,0.61,AMBER,0.5435,0.6822,True,1166.23
1170.0,19.5,5503.0,Lionel Andrés Messi Cuccittini,0.4794,0.3436,0.3542,0.8604,AMBER,0.6832,0.9446,True,987.73
1170.0,19.5,6379.0,Sergi Roberto Carnicer,0.5578,0.3508,0.8392,0.6242,AMBER,0.4869,0.7907,False,780.53
1170.0,19.5,6622.0,Tomás Pina Isla,0.5015,0.2431,0.2654,0.8775,AMBER,0.6891,0.9795,True,505.86
1170.0,19.5,6629.0,Fernando Pacheco Flores,0.2367,0.2954,0.2954,0.2954,GREEN,0.2363,0.3545,False,6.53
1170.0,19.5,6826.0,Clément Lenglet,0.6186,0.3381,0.6655,0.526,AMBER,0.3951,0.6817,False,819.88
1170.0,19.5,6923.0,Joaquín Navarro Jiménez,0.5215,0.3524,0.7413,0.9582,AMBER,0.8639,0.9898,False,914.41
1170.0,19.5,8118.0,Frenkie de Jong,0.4788,0.2895,0.3252,0.4014,AMBER,0.3412,0.4835,False,661.5
1170.0,19.5,9462.0,José Ignacio Peleteiro Ramallo,0.505,0.32,0.567,0.5821,AMBER,0.4924,0.6822,False,550.66
1170.0,19.5,10605.0,Rodrigo Andrés Battaglia,0.5323,0.314,0.8946,0.4256,AMBER,0.3696,0.4892,True,778.67
1170.0,19.5,25134.0,Deyverson Brum Silva Acosta,0.4655,0.2609,0.8925,0.3181,AMBER,0.2169,0.3929,True,526.02
1170.0,19.5,30756.0,Anssumane Fati,0.5204,0.7622,0.683,0.3734,AMBER,0.2971,0.5344,True,695.68
1200.0,20.0,3093.0,Florian Grégoire Claude Lejeune,0.3944,0.4112,0.9253,0.5471,GREEN,0.4238,0.6738,False,381.52
1200.0,20.0,5203.0,Sergio Busquets i Burgos,0.5661,0.3227,0.8787,0.3725,AMBER,0.3149,0.4298,True,355.36
1200.0,20.0,5213.0,Gerard Piqué Bernabéu,0.5655,0.3015,0.4352,0.6846,AMBER,0.5539,0.804,True,682.37
1200.0,20.0,5477.0,Ousmane Dembélé,0.5676,0.4029,0.4999,0.8562,AMBER,0.7285,0.9361,False,604.72
1200.0,20.0,5487.0,Antoine Griezmann,0.5409,0.3236,0.6915,0.7274,AMBER,0.6097,0.8201,True,540.08
1200.0,20.0,5503.0,Lionel Andrés Messi Cuccittini,0.4796,0.2362,0.226,0.6624,AMBER,0.5558,0.7793,False,495.92
1200.0,20.0,6379.0,Sergi Roberto Carnicer,0.5906,0.3566,0.8658,0.6898,AMBER,0.5749,0.7972,True,399.06
1200.0,20.0,6622.0,Tomás Pina Isla,0.5233,0.2144,0.2063,0.9582,AMBER,0.8933,0.9942,False,729.57
1200.0,20.0,6629.0,Fernando Pacheco Flores,0.2361,0.2308,0.2308,0.2308,GREEN,0.1846,0.277,False,6.38
1200.0,20.0,6826.0,Clément Lenglet,0.5925,0.3703,0.5668,0.4888,AMBER,0.3264,0.7653,True,430.18
1200.0,20.0,8118.0,Frenkie de Jong,0.5044,0.2279,0.3224,0.8984,AMBER,0.771,0.9753,True,344.06
1200.0,20.0,9462.0,José Ignacio Peleteiro Ramallo,0.4798,0.2839,0.7167,0.4162,AMBER,0.3596,0.4785,True,342.94
1200.0,20.0,10605.0,Rodrigo Andrés Battaglia,0.5737,0.3033,0.8492,0.7294,AMBER,0.586,0.8891,False,627.44
1200.0,20.0,25134.0,Deyverson Brum Silva Acosta,0.4959,0.2913,0.8075,0.3509,AMBER,0.2885,0.4121,False,644.96
1200.0,20.0,30756.0,Anssumane Fati,0.4994,0.2384,0.3804,0.6782,AMBER,0.5262,0.7946,False,684.06
1230.0,20.5,3093.0,Florian Grégoire Claude Lejeune,0.4027,0.4562,0.4485,0.3386,AMBER,0.2823,0.4118,False,791.71
1230.0,20.5,5203.0,Sergio Busquets i Burgos,0.5684,0.3226,0.9096,0.5664,AMBER,0.4765,0.6784,False,685.51
1230.0,20.5,5211.0,Jordi Alba Ramos,0.4907,0.227,0.841,0.5701,AMBER,0.5147,0.6456,True,396.55
1230.0,20.5,5477.0,Ousmane Dembélé,0.5677,0.2266,0.4779,0.6865,AMBER,0.619,0.8804,True,346.59
1230.0,20.5,5487.0,Antoine Griezmann,0.575,0.3004,0.7979,0.8018,AMBER,0.691,0.9278,False,441.97
1230.0,20.5,5503.0,Lionel Andrés Messi Cuccittini,0.4706,0.3425,0.384,0.6444,AMBER,0.4803,0.7669,True,1341.64
1230.0,20.5,6622.0,Tomás Pina Isla,0.525,0.28,0.2866,0.4244,AMBER,0.2691,0.5947,True,1270.85
1230.0,20.5,6629.0,Fernando Pacheco Flores,0.2319,0.13,0.3138,0.13,GREEN,0.104,0.156,False,70.42
1230.0,20.5,6826.0,Clément Lenglet,0.5994,0.3844,0.8676,0.7001,AMBER,0.5644,0.8086,False,1237.76
1230.0,20.5,6923.0,Joaquín Navarro Jiménez,0.5519,0.302,0.7209,0.8878,AMBER,0.7091,0.9662,True,451.63
1230.0,20.5,26387.0,Edgar Antonio Méndez Ortega,0.4759,0.3083,0.6682,0.6843,AMBER,0.5673,0.8042,True,837.28
1230.0,20.5,30756.0,Anssumane Fati,0.4838,0.2169,0.3833,0.2837,AMBER,0.22,0.3397,True,958.54
1260.0,21.0,5211.0,Jordi Alba Ramos,0.4925,0.2018,0.6451,0.5728,AMBER,0.4561,0.7337,False,1196.97
1260.0,21.0,5477.0,Ousmane Dembélé,0.5839,0.3919,0.7011,0.953,AMBER,0.8758,0.9914,False,1585.74
1260.0,21.0,6379.0,Sergi Roberto Carnicer,0.6093,0.3632,0.8271,0.8658,AMBER,0.8193,0.9157,True,1135.62
1260.0,21.0,6629.0,Fernando Pacheco Flores,0.2266,0.1186,0.2064,0.1186,GREEN,0.0949,0.1423,False,28.65
1260.0,21.0,6826.0,Clément Lenglet,0.5938,0.3631,0.8247,0.3228,AMBER,0.2714,0.3982,True,1148.52
1260.0,21.0,6923.0,Joaquín Navarro Jiménez,0.5864,0.25,0.5901,0.8238,AMBER,0.7001,0.9362,False,1077.66
1260.0,21.0,26387.0,Edgar Antonio Méndez Ortega,0.4975,0.2914,0.7259,0.6984,AMBER,0.5851,0.7953,False,1322.66
1260.0,21.0,30756.0,Anssumane Fati,0.4963,0.2491,0.5526,0.3667,AMBER,0.2594,0.4744,False,252.33
1290.0,21.5,3093.0,Florian Grégoire Claude Lejeune,0.3768,0.2933,0.3885,0.2692,GREEN,0.1468,0.4188,False,536.2
1290.0,21.5,5203.0,Sergio Busquets i Burgos,0.5882,0.2955,0.9472,0.6912,AMBER,0.4814,0.8375,True,1379.01
1290.0,21.5,5211.0,Jordi Alba Ramos,0.4837,0.2289,0.3643,0.4756,AMBER,0.4038,0.5487,True,769.54
1290.0,21.5,5477.0,Ousmane Dembélé,0.6016,0.4503,0.7829,0.7855,AMBER,0.7065,0.866,True,409.54
1290.0,21.5,5487.0,Antoine Griezmann,0.6033,0.4003,0.9221,0.5982,AMBER,0.4866,0.7188,True,1026.81
1290.0,21.5,5503.0,Lionel Andrés Messi Cuccittini,0.4941,0.4688,0.6316,0.8084,AMBER,0.7199,0.9118,True,253.19
1290.0,21.5,6379.0,Sergi Roberto Carnicer,0.6225,0.3632,0.7908,0.9468,AMBER,0.864,0.9914,False,578.2
1290.0,21.5,6612.0,Rubén Duarte Sánchez,0.4869,0.2702,0.7086,0.5538,AMBER,0.4128,0.6504,True,1222.84
1290.0,21.5,25134.0,Deyverson Brum Silva Acosta,0.5112,0.2529,0.5005,0.4864,AMBER,0.3956,0.6163,True,816.87
1290.0,21.5,30756.0,Anssumane Fati,0.5303,0.2489,0.759,0.5168,AMBER,0.3923,0.6384,True,228.09
1320.0,22.0,3093.0,Florian Grégoire Claude Lejeune,0.3751,0.2186,0.305,0.4094,GREEN,0.2554,0.5423,False,957.58
1320.0,22.0,5203.0,Sergio Busquets i Burgos,0.6036,0.2602,0.6427,0.9038,AMBER,0.8292,0.9683,False,859.43
1320.0,22.0,5477.0,Ousmane Dembélé,0.6349,0.3575,0.635,0.7756,AMBER,0.6351,0.8885,False,503.91
1320.0,22.0,5487.0,Antoine Griezmann,0.613,0.3699,0.6489,0.6129,AMBER,0.5396,0.669,False,406.52
1320.0,22.0,5503.0,Lionel Andrés Messi Cuccittini,0.5241,0.469,0.6743,0.6762,AMBER,0.5971,0.7816,False,295.59
1320.0,22.0,6612.0,Rubén Duarte Sánchez,0.4824,0.2592,0.6087,0.4858,AMBER,0.4288,0.5984,False,316.56
1320.0,22.0,25134.0,Deyverson Brum Silva Acosta,0.5178,0.2186,0.4475,0.5252,AMBER,0.3904,0.6837,False,324.19
1350.0,22.5,3093.0,Florian Grégoire Claude Lejeune,0.4118,0.8174,0.9794,0.2648,AMBER,0.0941,0.4884,False,321.56
1350.0,22.5,5203.0,Sergio Busquets i Burgos,0.5981,0.3205,0.5078,0.5056,AMBER,0.4086,0.6153,True,300.45
1350.0,22.5,5487.0,Antoine Griezmann,0.6233,0.3218,0.4684,0.7269,AMBER,0.6341,0.8094,True,671.08
1350.0,22.5,5503.0,Lionel Andrés Messi Cuccittini,0.5337,0.3423,0.5606,0.4026,AMBER,0.3347,0.4861,True,685.29
1350.0,22.5,6612.0,Rubén Duarte Sánchez,0.4841,0.313,0.5113,0.1994,AMBER,0.1174,0.2886,True,235.47
1350.0,22.5,6629.0,Fernando Pacheco Flores,0.2282,0.1887,0.2883,0.1887,GREEN,0.151,0.2264,False,20.15
1380.0,23.0,3093.0,Florian Grégoire Claude Lejeune,0.4315,0.7124,0.2136,0.5816,AMBER,0.3934,0.72,True,305.44
1380.0,23.0,5203.0,Sergio Busquets i Burgos,0.5885,0.2992,0.7427,0.7528,AMBER,0.585,0.887,False,298.24
1380.0,23.0,5487.0,Antoine Griezmann,0.6466,0.5965,0.949,0.7936,AMBER,0.7251,0.8655,False,500.73
1380.0,23.0,5503.0,Lionel Andrés Messi Cuccittini,0.5457,0.3636,0.43,0.8337,AMBER,0.6259,0.9551,False,353.64
1380.0,23.0,6379.0,Sergi Roberto Carnicer,0.6489,0.3977,0.9556,0.795,AMBER,0.685,0.8918,True,376.71
1380.0,23.0,6612.0,Rubén Duarte Sánchez,0.5115,0.2615,0.3685,0.7824,AMBER,0.6552,0.8987,False,316.44
1380.0,23.0,6629.0,Fernando Pacheco Flores,0.2239,0.186,0.0937,0.186,GREEN,0.1488,0.2232,False,91.54
1380.0,23.0,6923.0,Joaquín Navarro Jiménez,0.5995,0.1932,0.4933,0.6483,AMBER,0.5341,0.8067,True,589.1
1380.0,23.0,9462.0,José Ignacio Peleteiro Ramallo,0.4882,0.3584,0.8373,0.3645,AMBER,0.3261,0.4093,True,459.92
1380.0,23.0,26387.0,Edgar Antonio Méndez Ortega,0.5133,0.1669,0.7703,0.7503,AMBER,0.6279,0.864,True,334.94
1410.0,23.5,5211.0,Jordi Alba Ramos,0.4781,0.3458,0.4679,0.4054,AMBER,0.3513,0.4559,True,410.74
1410.0,23.5,5487.0,Antoine Griezmann,0.6677,0.914,0.9831,0.745,RED,0.6469,0.8993,False,739.83
1410.0,23.5,6379.0,Sergi Roberto Carnicer,0.6785,0.3887,0.8372,0.8742,RED,0.7938,0.9453,False,758.0
1410.0,23.5,6612.0,Rubén Duarte Sánchez,0.5373,0.2821,0.2974,0.7866,AMBER,0.6942,0.8392,True,490.41
1410.0,23.5,6923.0,Joaquín Navarro Jiménez,0.5859,0.1779,0.4011,0.6037,AMBER,0.51,0.7412,False,584.34
1410.0,23.5,9462.0,José Ignacio Peleteiro Ramallo,0.5135,0.3282,0.7806,0.4436,AMBER,0.3696,0.5016,False,693.17
1410.0,23.5,26387.0,Edgar Antonio Méndez Ortega,0.5282,0.2326,0.7713,0.6029,AMBER,0.4766,0.7269,False,671.56
1440.0,24.0,5211.0,Jordi Alba Ramos,0.4555,0.3245,0.3439,0.336,AMBER,0.2451,0.5117,False,163.15
1440.0,24.0,5213.0,Gerard Piqué Bernabéu,0.5933,0.301,0.7029,0.9325,AMBER,0.8596,0.9848,True,158.31
1440.0,24.0,5503.0,Lionel Andrés Messi Cuccittini,0.5637,0.2287,0.3545,0.8951,AMBER,0.8234,0.968,True,161.72
1440.0,24.0,6379.0,Sergi Roberto Carnicer,0.6864,0.2474,0.465,0.9247,RED,0.8263,0.9813,True,335.33
1440.0,24.0,6590.0,Norberto Murara Neto,0.224,0.1583,0.36,0.1583,GREEN,0.1266,0.19,False,28.65
1440.0,24.0,6826.0,Clément Lenglet,0.565,0.3208,0.507,0.4732,AMBER,0.3728,0.6404,True,222.2
1440.0,24.0,6923.0,Joaquín Navarro Jiménez,0.5784,0.2263,0.4449,0.7058,AMBER,0.4997,0.8619,True,209.74
1440.0,24.0,10605.0,Rodrigo Andrés Battaglia,0.5861,0.3222,0.8357,0.7397,AMBER,0.6421,0.8493,True,881.23
1440.0,24.0,25134.0,Deyverson Brum Silva Acosta,0.5113,0.3021,0.4001,0.6191,AMBER,0.4348,0.8661,True,320.11
1440.0,24.0,26387.0,Edgar Antonio Méndez Ortega,0.5419,0.3036,0.5884,0.7194,AMBER,0.583,0.8345,True,584.82
1440.0,24.0,30756.0,Anssumane Fati,0.5449,0.2645,0.8227,0.7172,AMBER,0.5477,0.8993,True,828.94
1470.0,24.5,3093.0,Florian Grégoire Claude Lejeune,0.455,0.0664,0.3854,0.8382,AMBER,0.7059,0.9242,True,837.22
1470.0,24.5,5203.0,Sergio Busquets i Burgos,0.611,0.8065,0.9932,0.9134,AMBER,0.8562,0.9704,True,1264.27
1470.0,24.5,5213.0,Gerard Piqué Bernabéu,0.6072,0.281,0.6565,0.8906,AMBER,0.746,0.9696,False,1090.6
1470.0,24.5,5487.0,Antoine Griezmann,0.6561,0.2437,0.2638,0.8036,RED,0.6947,0.8945,True,817.55
1470.0,24.5,5503.0,Lionel Andrés Messi Cuccittini,0.5506,0.2826,0.4463,0.4733,AMBER,0.3834,0.5562,False,901.31
1470.0,24.5,6379.0,Sergi Roberto Carnicer,0.6973,0.2474,0.5573,0.9775,RED,0.9571,0.996,False,1082.64
1470.0,24.5,6590.0,Norberto Murara Neto,0.2303,0.197,0.4362,0.197,GREEN,0.1576,0.2364,False,32.88
1470.0,24.5,6622.0,Tomás Pina Isla,0.4827,0.2372,0.4115,0.6375,AMBER,0.5534,0.7459,True,1093.35
1470.0,24.5,6826.0,Clément Lenglet,0.547,0.2561,0.458,0.498,AMBER,0.4335,0.5561,False,478.69
1470.0,24.5,9462.0,José Ignacio Peleteiro Ramallo,0.5257,0.3885,0.7553,0.4488,AMBER,0.3912,0.511,True,516.07
1470.0,24.5,10605.0,Rodrigo Andrés Battaglia,0.5704,0.2895,0.6364,0.4901,AMBER,0.4294,0.5887,False,428.06
1470.0,24.5,24049.0,Luis Jesús Rioja González,0.4715,0.4053,0.4654,0.9517,AMBER,0.8637,0.9901,True,111.95
1470.0,24.5,25134.0,Deyverson Brum Silva Acosta,0.4812,0.2846,0.3851,0.5786,AMBER,0.4407,0.7845,False,86.94
1470.0,24.5,30756.0,Anssumane Fati,0.5552,0.2734,0.9184,0.6274,AMBER,0.56,0.6908,False,76.57
1500.0,25.0,3093.0,Florian Grégoire Claude Lejeune,0.4697,0.0816,0.2435,0.946,AMBER,0.879,0.9925,False,73.62
1500.0,25.0,5203.0,Sergio Busquets i Burgos,0.6218,0.7546,0.0985,0.863,AMBER,0.7477,0.9614,False,84.5
1500.0,25.0,5213.0,Gerard Piqué Bernabéu,0.6024,0.2903,0.5345,0.7917,AMBER,0.662,0.9048,True,81.56
1500.0,25.0,5487.0,Antoine Griezmann,0.6416,0.1342,0.2438,0.9403,AMBER,0.8699,0.9873,False,65.78
1500.0,25.0,5503.0,Lionel Andrés Messi Cuccittini,0.5308,0.3662,0.5864,0.395,AMBER,0.3114,0.4671,True,83.14
1500.0,25.0,6622.0,Tomás Pina Isla,0.4618,0.2654,0.5412,0.3729,AMBER,0.2258,0.5861,False,68.27
1500.0,25.0,9462.0,José Ignacio Peleteiro Ramallo,0.5528,0.3617,0.5374,0.8091,AMBER,0.6874,0.94,False,61.99
1500.0,25.0,10605.0,Rodrigo Andrés Battaglia,0.5613,0.3167,0.5733,0.4422,AMBER,0.359,0.5632,True,59.64
1500.0,25.0,24049.0,Luis Jesús Rioja González,0.5026,0.4024,0.4009,0.695,AMBER,0.5563,0.8244,False,61.73
1500.0,25.0,25134.0,Deyverson Brum Silva Acosta,0.4864,0.3252,0.4482,0.379,AMBER,0.2875,0.4593,True,62.51
1500.0,25.0,30756.0,Anssumane Fati,0.5969,0.485,0.982,0.9268,AMBER,0.8348,0.9817,True,61.47
1530.0,25.5,5487.0,Antoine Griezmann,0.6466,0.2261,0.4001,0.9631,AMBER,0.9155,0.9911,True,60.86
1530.0,25.5,6612.0,Rubén Duarte Sánchez,0.5436,0.2632,0.1745,0.6107,AMBER,0.4682,0.7535,True,60.57
1530.0,25.5,9462.0,José Ignacio Peleteiro Ramallo,0.5709,0.2968,0.4745,0.7792,AMBER,0.6932,0.8942,True,76.82
1560.0,26.0,5203.0,Sergio Busquets i Burgos,0.6282,0.1355,0.3006,0.909,AMBER,0.8316,0.9634,True,72.65
1560.0,26.0,5211.0,Jordi Alba Ramos,0.4296,0.2512,0.2857,0.2652,AMBER,0.1871,0.374,True,72.53
1560.0,26.0,5477.0,Ousmane Dembélé,0.6322,0.3287,0.3898,0.805,AMBER,0.6658,0.9253,True,72.92
1560.0,26.0,5487.0,Antoine Griezmann,0.6476,0.1878,0.4982,0.9618,AMBER,0.8877,0.9928,False,69.96
1560.0,26.0,6379.0,Sergi Roberto Carnicer,0.7068,0.2473,0.6695,0.9534,RED,0.8855,0.9923,True,69.53
1560.0,26.0,6590.0,Norberto Murara Neto,0.2492,0.2516,0.5789,0.3386,GREEN,0.247,0.4282,False,72.56
1560.0,26.0,6612.0,Rubén Duarte Sánchez,0.513,0.2725,0.1783,0.4688,AMBER,0.2865,0.6481,False,67.12
1560.0,26.0,6622.0,Tomás Pina Isla,0.4771,0.3825,0.5689,0.2125,AMBER,0.123,0.3054,True,56.78
1560.0,26.0,6826.0,Clément Lenglet,0.5491,0.1494,0.4272,0.8834,AMBER,0.6814,0.9704,True,84.01
1560.0,26.0,8118.0,Frenkie de Jong,0.4821,0.301,0.5076,0.4391,AMBER,0.382,0.5163,True,79.71
1560.0,26.0,9462.0,José Ignacio Peleteiro Ramallo,0.5812,0.3276,0.4451,0.7879,AMBER,0.7321,0.889,False,78.79
1560.0,26.0,26387.0,Edgar Antonio Méndez Ortega,0.5615,0.2194,0.4543,0.8184,AMBER,0.739,0.9099,True,69.86
1590.0,26.5,3093.0,Florian Grégoire Claude Lejeune,0.4979,0.1862,0.4187,0.959,AMBER,0.8806,0.9905,True,62.61
1590.0,26.5,5203.0,Sergio Busquets i Burgos,0.6251,0.1234,0.2028,0.9542,AMBER,0.874,0.9937,False,59.23
1590.0,26.5,5211.0,Jordi Alba Ramos,0.4122,0.205,0.2788,0.2834,AMBER,0.2033,0.373,False,59.96
1590.0,26.5,5213.0,Gerard Piqué Bernabéu,0.5714,0.2993,0.3522,0.6443,AMBER,0.5623,0.7239,True,56.96
1590.0,26.5,5477.0,Ousmane Dembélé,0.6411,0.31,0.3646,0.932,AMBER,0.8765,0.9826,False,57.71
1590.0,26.5,5487.0,Antoine Griezmann,0.6245,0.2442,0.5216,0.5281,AMBER,0.4175,0.6841,True,57.0
1590.0,26.5,5503.0,Lionel Andrés Messi Cuccittini,0.5425,0.7622,0.9888,0.4389,AMBER,0.3683,0.5405,True,58.95
1590.0,26.5,6379.0,Sergi Roberto Carnicer,0.7201,0.3883,0.8139,0.933,RED,0.8684,0.9806,False,57.97
1590.0,26.5,6590.0,Norberto Murara Neto,0.2626,0.2419,0.5128,0.3208,GREEN,0.2202,0.394,False,57.71
1590.0,26.5,6612.0,Rubén Duarte Sánchez,0.4663,0.2615,0.3483,0.2304,AMBER,0.0553,0.4185,True,56.0
1590.0,26.5,6622.0,Tomás Pina Isla,0.4904,0.3542,0.5099,0.7956,AMBER,0.6806,0.9406,False,57.04
1590.0,26.5,6826.0,Clément Lenglet,0.5496,0.1975,0.4798,0.837,AMBER,0.6826,0.9423,False,55.94
1590.0,26.5,8118.0,Frenkie de Jong,0.4597,0.2818,0.5539,0.3563,AMBER,0.2522,0.4339,False,56.86
1590.0,26.5,9462.0,José Ignacio Peleteiro Ramallo,0.5788,0.2281,0.5266,0.9029,AMBER,0.7549,0.9774,True,58.31
1590.0,26.5,26387.0,Edgar Antonio Méndez Ortega,0.5673,0.2382,0.5115,0.6476,AMBER,0.5295,0.7306,False,57.72
1590.0,26.5,30756.0,Anssumane Fati,0.6142,0.2715,0.7932,0.9729,AMBER,0.9438,0.9923,True,55.91
1620.0,27.0,3093.0,Florian Grégoire Claude Lejeune,0.5089,0.2156,0.5009,0.8784,AMBER,0.8028,0.9454,False,58.66
1620.0,27.0,5211.0,Jordi Alba Ramos,0.4176,0.1667,0.3685,0.5461,AMBER,0.4037,0.7371,True,55.65
1620.0,27.0,5213.0,Gerard Piqué Bernabéu,0.5804,0.3042,0.386,0.8345,AMBER,0.7062,0.9559,False,57.68
1620.0,27.0,5477.0,Ousmane Dembélé,0.6461,0.3075,0.4442,0.8992,AMBER,0.8088,0.9672,True,55.24
1620.0,27.0,5487.0,Antoine Griezmann,0.6085,0.2398,0.3674,0.7446,AMBER,0.4974,0.9535,False,57.46
1620.0,27.0,5503.0,Lionel Andrés Messi Cuccittini,0.5483,0.7184,0.301,0.5189,AMBER,0.451,0.5825,False,55.43
1620.0,27.0,6379.0,Sergi Roberto Carnicer,0.7314,0.4013,0.8701,0.8289,RED,0.7293,0.9295,True,56.85
1620.0,27.0,6826.0,Clément Lenglet,0.5452,0.3829,0.7091,0.5895,AMBER,0.4846,0.6809,True,60.08
1620.0,27.0,6923.0,Joaquín Navarro Jiménez,0.5898,0.1892,0.5235,0.6749,AMBER,0.5158,0.8044,True,57.68
1620.0,27.0,8118.0,Frenkie de Jong,0.4474,0.4658,0.6222,0.497,AMBER,0.3596,0.6401,True,58.51
1620.0,27.0,9462.0,José Ignacio Peleteiro Ramallo,0.5684,0.2388,0.6196,0.8352,AMBER,0.6911,0.9612,False,57.91
1620.0,27.0,10605.0,Rodrigo Andrés Battaglia,0.5458,0.1964,0.5426,0.3173,AMBER,0.2017,0.3867,True,55.99
1620.0,27.0,26387.0,Edgar Antonio Méndez Ortega,0.5723,0.2068,0.5437,0.6736,AMBER,0.509,0.8298,True,57.52
1620.0,27.0,30756.0,Anssumane Fati,0.5684,0.3025,0.4881,0.4371,AMBER,0.348,0.5164,False,56.74
1650.0,27.5,5203.0,Sergio Busquets i Burgos,0.6282,0.1239,0.2968,0.982,AMBER,0.9539,0.9964,True,56.52
1650.0,27.5,5211.0,Jordi Alba Ramos,0.4037,0.1486,0.3964,0.4857,AMBER,0.3155,0.7567,False,57.78
1650.0,27.5,5213.0,Gerard Piqué Bernabéu,0.5708,0.3186,0.5536,0.5217,AMBER,0.4137,0.6961,True,57.44
1650.0,27.5,5477.0,Ousmane Dembélé,0.6336,0.2485,0.4883,0.7153,AMBER,0.624,0.827,False,56.39
1650.0,27.5,5503.0,Lionel Andrés Messi Cuccittini,0.5509,0.2215,0.387,0.7546,AMBER,0.6404,0.8743,True,56.04
1650.0,27.5,6379.0,Sergi Roberto Carnicer,0.7417,0.3767,0.7959,0.965,RED,0.9001,0.9948,False,57.04
1650.0,27.5,6622.0,Tomás Pina Isla,0.5186,0.8224,0.9945,0.7706,AMBER,0.6387,0.894,True,56.75
1650.0,27.5,6826.0,Clément Lenglet,0.5589,0.2452,0.664,0.9656,AMBER,0.9107,0.9938,False,56.94
1650.0,27.5,6923.0,Joaquín Navarro Jiménez,0.5927,0.2332,0.6166,0.7823,AMBER,0.6665,0.9006,False,55.82
1650.0,27.5,8118.0,Frenkie de Jong,0.4415,0.3844,0.6619,0.465,AMBER,0.3965,0.5392,False,55.82
1650.0,27.5,9462.0,José Ignacio Peleteiro Ramallo,0.5817,0.216,0.6409,0.8666,AMBER,0.799,0.9219,True,56.62
1650.0,27.5,10605.0,Rodrigo Andrés Battaglia,0.5496,0.1838,0.4242,0.8958,AMBER,0.8221,0.9553,False,57.77
1650.0,27.5,24049.0,Luis Jesús Rioja González,0.4992,0.3073,0.4178,0.3775,AMBER,0.3472,0.4241,True,55.93
1650.0,27.5,25134.0,Deyverson Brum Silva Acosta,0.511,0.3616,0.5474,0.5317,AMBER,0.4479,0.6262,True,57.13
1650.0,27.5,26387.0,Edgar Antonio Méndez Ortega,0.5819,0.1637,0.5699,0.8459,AMBER,0.7262,0.9297,False,58.18
1650.0,27.5,30756.0,Anssumane Fati,0.5578,0.4506,0.6886,0.2704,AMBER,0.1707,0.3359,True,54.88
1680.0,28.0,5203.0,Sergio Busquets i Burgos,0.6219,0.1788,0.4652,0.8366,AMBER,0.71,0.9524,False,60.47
1680.0,28.0,5211.0,Jordi Alba Ramos,0.3923,0.18,0.5269,0.2489,GREEN,0.1793,0.3303,False,76.15
1680.0,28.0,5213.0,Gerard Piqué Bernabéu,0.5724,0.3722,0.7395,0.7191,AMBER,0.4811,0.8966,False,85.41
1680.0,28.0,5477.0,Ousmane Dembélé,0.605,0.1945,0.467,0.5209,AMBER,0.4164,0.6331,True,111.06
1680.0,28.0,5503.0,Lionel Andrés Messi Cuccittini,0.5388,0.2049,0.2846,0.9267,AMBER,0.8497,0.9831,False,91.45
1680.0,28.0,6379.0,Sergi Roberto Carnicer,0.741,0.3303,0.6783,0.9813,RED,0.9636,0.9951,True,74.08
1680.0,28.0,6612.0,Rubén Duarte Sánchez,0.4639,0.2673,0.5478,0.862,AMBER,0.5258,0.9878,True,73.02
1680.0,28.0,6622.0,Tomás Pina Isla,0.5045,0.7245,0.2289,0.2942,AMBER,0.0698,0.4712,False,73.14
